gene_family,direction,effect_size,diaz_rate_present,diaz_rate_absent,n_genomes_with_feature,chi2,p_value,importance
GF_01961,Positive,0.8035650623885918,0.8823529411764706,0.07878787878787878,119,269.4321388262051,1.5089421625809978e-60,0.2383567911174483
GF_01199,Positive,0.6867502726281353,0.8928571428571429,0.20610687022900764,56,108.5744345208209,2.0115256782672682e-25,0.12282567745205124
GF_00810,Negative,-0.0001105216622457883,0.2916666666666667,0.2917771883289125,72,0.0,1.0,0.11087908161520905
GF_00387,Positive,0.7515115556308979,0.8725490196078431,0.12103746397694524,102,211.82965023481958,5.478933528574987e-48,0.1080930789629805
GF_02390,Negative,-0.3475836431226766,0.1524163568773234,0.5,269,61.38002403744093,4.705605773282912e-15,0.09800922519928494
GF_00943,Negative,-0.20267153565250817,0.12790697674418605,0.3305785123966942,86,12.857556021662116,0.00033611928501198375,0.09768698751960485
GF_01658,Positive,0.6064006650041563,0.8333333333333334,0.22693266832917705,48,73.38099897877262,1.068901500804581e-17,0.09686883122170946
GF_01071,Positive,0.3007653555512498,0.5576923076923077,0.25692695214105793,52,18.698631271030006,1.5309233969989557e-05,0.09647975857035317
GF_02403,Positive,0.6472098596371105,0.7559055118110236,0.10869565217391304,127,181.50924255525825,2.2693363478611261e-41,0.09508234210657764
GF_01253,Positive,0.15561095149569037,0.4262295081967213,0.2706185567010309,61,5.447057061132195,0.019601319482074737,0.0934047693981684
GF_02459,Positive,0.306796833064949,0.5432098765432098,0.23641304347826086,81,28.773552364471524,8.135451722656583e-08,0.09078599630685313
GF_02295,Negative,-0.07346979464345052,0.23170731707317074,0.30517711171662126,82,1.4133351090120396,0.23450353426214232,0.0879602250624378
GF_00876,Positive,0.6484598285169896,0.8723404255319149,0.22388059701492538,47,82.52295017376316,1.0445029651992083e-19,0.08445620442009848
GF_00680,Negative,-0.05863631459704388,0.2391304347826087,0.2977667493796526,46,0.43251707273226986,0.5107564366833608,0.08141861143449249
GF_01245,Positive,0.6611046646553724,0.7482014388489209,0.08709677419354839,139,199.79866496264643,2.3108290420239722e-45,0.0811910311886333
GF_01635,Positive,0.577856106157993,0.7692307692307693,0.19137466307277629,78,101.37145665527126,7.62547237215829e-24,0.07846213046923876
GF_01964,Positive,0.6266706622715014,0.7872340425531915,0.16056338028169015,94,138.23172923743982,6.485010460257628e-32,0.07811927961913033
GF_00609,Negative,-0.1528566541224769,0.2648648648648649,0.4177215189873418,370,6.639991494077503,0.00997144105233254,0.07743455519472786
GF_00066,Positive,0.5724456773000463,0.6857142857142857,0.11326860841423948,140,150.03508527401993,1.7032991583039794e-34,0.07733996006682896
GF_00790,Negative,-0.0194600453246625,0.27450980392156865,0.29396984924623115,51,0.015436308298682491,0.9011229238946556,0.0765874615335774
GF_01600,Positive,0.1259836782279219,0.3972602739726027,0.2712765957446808,73,4.105659710460815,0.04273991405723897,0.07376035590949216
GF_01924,Negative,-0.17616756779769252,0.18072289156626506,0.3568904593639576,166,14.873288302019525,0.00011497966197377632,0.07089455735871504
GF_00624,Positive,0.2634313601750179,0.3920863309352518,0.1286549707602339,278,34.293460395688086,4.739717626566366e-09,0.07074995523589336
GF_00333,Positive,0.45926824337982614,0.49019607843137253,0.030927835051546393,255,110.25475183240783,8.617331324506654e-26,0.06785141279076594
GF_01712,Positive,0.08153993304638929,0.36585365853658536,0.28431372549019607,41,0.836628326080634,0.36036285510361254,0.06763175802268319
GF_00183,Negative,-0.09100895724184552,0.21311475409836064,0.30412371134020616,61,1.6954146461618982,0.1928887348231803,0.06473495940447009
GF_02166,Positive,0.7732269503546099,0.8583333333333333,0.0851063829787234,120,250.6846264790553,1.841559412788546e-56,0.0645587689429175
GF_01104,Negative,-0.04542067218123558,0.2535211267605634,0.29894179894179895,71,0.3971982731764348,0.5285397439247457,0.06436400510172709
GF_00099,Positive,0.2681122448979592,0.5306122448979592,0.2625,49,13.915991688209921,0.00019116507591376744,0.06317639041506583
GF_00656,Positive,0.3807251908396947,0.625,0.24427480916030533,56,32.56582030158238,1.1522337926246723e-08,0.06257204897256864
GF_01818,Positive,0.17670846964740095,0.44642857142857145,0.2697201017811705,56,6.576529916314195,0.010333214553017174,0.0622590124631438
GF_01672,Positive,0.4122383252818036,0.6296296296296297,0.21739130434782608,81,52.62132082269409,4.0447433340931785e-13,0.06149891232224053
GF_02439,Negative,-0.09178288729739917,0.21428571428571427,0.30606860158311344,70,1.9851426214632293,0.15884968898609028,0.061395316012057756
GF_01960,Positive,0.42363819095477384,0.5276381909547738,0.104,199,94.19534585899396,2.8587205600919336e-22,0.060398330313344024
GF_00542,Positive,0.5198268398268399,0.696969696969697,0.17714285714285713,99,98.41799486067993,3.3876680934961095e-23,0.060205170660295675
GF_02217,Positive,0.47511937672782106,0.5838150289017341,0.10869565217391304,173,113.88597681308413,1.3802131758387936e-26,0.0596640945526356
GF_00393,Positive,0.11844863731656186,0.39622641509433965,0.2777777777777778,53,2.626455542604205,0.10509609100508074,0.05956219415964451
GF_01663,Positive,0.10775510204081629,0.3877551020408163,0.28,49,1.9591413662000878,0.16160517757504736,0.058965097522761044
GF_02514,Positive,0.04951370468611849,0.3333333333333333,0.2838196286472148,72,0.49764801321822594,0.48053539173502235,0.05864865063094566
GF_01146,Positive,0.16237164888729075,0.3662551440329218,0.20388349514563106,243,13.449723204778266,0.00024504233197168495,0.058562702609146124
GF_00454,Positive,0.5080246913580246,0.75,0.2419753086419753,44,47.142658333202675,6.600341832467108e-12,0.05852974171734482
GF_02398,Negative,-0.1063486370157819,0.1951219512195122,0.3014705882352941,41,1.5569883331285275,0.21210673158925886,0.05852490541288061
GF_00701,Negative,-0.07950741272118603,0.21951219512195122,0.29901960784313725,41,0.7874471207801754,0.3748731780687766,0.05839587244432946
GF_01193,Negative,-0.5198177676537585,0.28018223234624146,0.8,439,10.39353045342315,0.001264576027610634,0.05831831283476103
GF_00506,Positive,0.23316708229426436,0.5,0.26683291770573564,48,10.178759426661495,0.0014206773498869746,0.05790789171483282
GF_00402,Positive,0.49878311522502394,0.5228215767634855,0.02403846153846154,241,132.01326499128385,1.4862276078135299e-30,0.056974782595815336
GF_00355,Positive,0.14627139364303177,0.425,0.2787286063569682,40,3.098014734619813,0.07838783221694828,0.05638483219101367
GF_02373,Positive,0.6052972972972972,0.7972972972972973,0.192,74,106.67459268825215,5.2460949513908225e-25,0.056210331434137166
GF_00658,Positive,0.4651741293532338,0.5,0.03482587064676617,248,114.01876991485486,1.2908082169649982e-26,0.05596040259166383
GF_00630,Positive,0.40906193078324227,0.42295081967213116,0.013888888888888888,305,77.24426855116467,1.5106925599784193e-18,0.055355581062478953
GF_01087,Positive,0.25959725792630683,0.5166666666666667,0.2570694087403599,60,15.7200658891291,7.344093596139357e-05,0.05503954165304023
GF_02205,Positive,0.5149791156560565,0.6564885496183206,0.14150943396226415,131,116.59720126020693,3.517121545014674e-27,0.054932973893462876
GF_01906,Positive,0.5229145728643216,0.5829145728643216,0.06,199,144.10344522181217,3.372672313356188e-33,0.0546870418290209
GF_00397,Positive,0.7504812563323202,0.8416666666666667,0.0911854103343465,120,236.04694244016736,2.8620539225876813e-53,0.05326311262975194
GF_00608,Positive,0.3502172323310535,0.4181184668989547,0.06790123456790123,287,59.78069588442134,1.0603834907038847e-14,0.052661912149288816
GF_00146,Positive,0.10838115734098519,0.3902439024390244,0.2818627450980392,41,1.6258420205491695,0.20227912145491792,0.052438074041199385
GF_00377,Positive,0.6710617283950617,0.776,0.10493827160493827,125,193.34067817972806,5.931515604655772e-44,0.05215899009742609
GF_00866,Positive,0.1259836782279219,0.3972602739726027,0.2712765957446808,73,4.105659710460815,0.04273991405723897,0.052109765579256895
GF_02136,Positive,0.6636413641364136,0.8888888888888888,0.22524752475247525,45,83.11781744629286,7.730574522146232e-20,0.0521067234679591
GF_02460,Positive,0.16599839615076184,0.4418604651162791,0.27586206896551724,43,4.412795616442969,0.03567033831456106,0.05196802179254026
GF_01102,Positive,0.41675913083680083,0.5785714285714286,0.16181229773462782,140,78.98069921553392,6.271970032939698e-19,0.051648617528976974
GF_01201,Positive,0.35219155844155847,0.59375,0.24155844155844156,64,31.259378265857872,2.257542700585337e-08,0.05137099815276031
GF_00403,Positive,0.6246956705832539,0.851063829787234,0.2263681592039801,47,76.47660748399147,2.228370078380839e-18,0.05083165460716801
GF_01507,Positive,0.7401154401154402,0.8686868686868687,0.12857142857142856,99,201.00777830516023,1.2586784898009637e-45,0.05061679437500571
GF_00209,Positive,0.6156118143459917,0.8333333333333334,0.21772151898734177,54,84.17323942086003,4.532645525355024e-20,0.05049334080892423
GF_00825,Positive,0.6367527862208713,0.7583333333333333,0.12158054711246201,120,169.46309470804576,9.692437723532112e-39,0.04980117933054933
GF_01647,Positive,0.21574605451936874,0.4878048780487805,0.27205882352941174,41,7.380621643118124,0.006593037729974344,0.049495515915115834
GF_00861,Positive,0.5796485669019156,0.7022900763358778,0.12264150943396226,131,148.06848616460948,4.58311107860478e-34,0.04948190343790673
GF_00392,Positive,0.41639520101700306,0.5069124423963134,0.09051724137931035,217,92.07779033242315,8.333540952611516e-22,0.04925295233471053
GF_02107,Positive,0.3697033898305085,0.4375,0.06779661016949153,272,69.14674022996883,9.1403313800271e-17,0.04888014612470929
GF_00186,Positive,0.4596756756756757,0.6756756756756757,0.216,74,60.9945532629706,5.723293392544317e-15,0.04882781515671276
GF_01333,Positive,0.17845672575599583,0.3613138686131387,0.18285714285714286,274,15.606659618985947,7.797946317747762e-05,0.04832450859353784
GF_00220,Negative,-0.1932832080200501,0.12,0.3132832080200501,50,7.124872915220502,0.0076021803065186595,0.04819943310716603
GF_02072,Negative,-0.021688970927549622,0.2727272727272727,0.29441624365482233,55,0.02997726498962263,0.8625418260072145,0.04794995755957963
GF_00108,Positive,0.5412647374062165,0.6666666666666666,0.12540192926045016,138,132.91432901686778,9.439872886139688e-31,0.047703490976730406
GF_02340,Negative,-0.2846509035904785,0.14150943396226415,0.42616033755274263,212,42.51231846682671,7.023846477446674e-11,0.04767150158080203
GF_00599,Negative,-0.0369432723863104,0.25925925925925924,0.29620253164556964,54,0.1604519171773943,0.6887407881137133,0.047168599967456364
GF_02214,Negative,-0.02547955822515019,0.2692307692307692,0.2947103274559194,52,0.04746010644346951,0.8275433318878771,0.04684363935988856
GF_01139,Negative,-0.04007437297254529,0.25757575757575757,0.29765013054830286,66,0.2650993184412881,0.606638299892611,0.04668656365164877
GF_02131,Positive,0.6484744469870327,0.8405797101449275,0.19210526315789472,69,115.72348462690766,5.4641028095838746e-27,0.04633936518533713
GF_01500,Positive,0.761854103343465,0.85,0.08814589665653495,120,243.31074635575868,7.461655468689975e-55,0.046168115631881064
GF_01232,Positive,0.375404792746114,0.453125,0.07772020725388601,256,73.24323468684821,1.1461736866507073e-17,0.045749068001045695
GF_02361,Positive,0.3642893358120669,0.6065573770491803,0.2422680412371134,61,32.113407463942636,1.454302029333373e-08,0.04571477616872272
GF_00601,Positive,0.5080246913580246,0.75,0.2419753086419753,44,47.142658333202675,6.600341832467108e-12,0.04537441360652136
GF_00686,Positive,0.7683545797922569,0.8958333333333334,0.1274787535410765,96,211.93162797567982,5.205330364832436e-48,0.04535480723593219
GF_00895,Negative,-0.13568238213399503,0.1935483870967742,0.3292307692307692,124,7.353353152195107,0.006693779524320842,0.04529149625398169
GF_02145,Positive,0.1259836782279219,0.3972602739726027,0.2712765957446808,73,4.105659710460815,0.04273991405723897,0.045271123058346185
GF_02522,Positive,0.5878926038500507,0.6950354609929078,0.10714285714285714,141,158.94331446210225,1.9254224885916766e-36,0.04500459728301636
GF_01925,Positive,0.32311212814645307,0.5652173913043478,0.24210526315789474,69,27.961462717654875,1.237556778467377e-07,0.04487556139545849
GF_00808,Positive,0.5137971794244722,0.5904255319148937,0.07662835249042145,188,137.13882413208367,1.124427593172555e-31,0.04442429057938211
GF_01510,Positive,0.5135515873015873,0.5491071428571429,0.035555555555555556,224,140.7926283858709,1.7860253082768113e-32,0.04429014480796042
GF_00670,Positive,0.7362928077213791,0.8673469387755102,0.13105413105413105,98,197.44615675193882,7.536247681244247e-45,0.0441475895322102
GF_00606,Positive,0.09793226381461678,0.37333333333333335,0.27540106951871657,75,2.4449918149820085,0.11790050021792248,0.04409499266701122
GF_02212,Positive,0.5518699492576584,0.6764705882352942,0.12460063897763578,136,137.07685276130934,1.1600726100547438e-31,0.0439855207971235
GF_00691,Positive,0.3767934002869441,0.6341463414634146,0.25735294117647056,41,23.806565611055994,1.0651850458313087e-06,0.04382375875509285
GF_02167,Positive,0.6888768752534126,0.7551020408163265,0.06622516556291391,147,223.74619321886667,1.3780783608155012e-50,0.043533433567083814
GF_02178,Positive,0.5866323907455013,0.8,0.2133676092544987,60,83.75698624105587,5.59489898466392e-20,0.043501804568608804
GF_02395,Positive,0.5666216934461752,0.6236559139784946,0.057034220532319393,186,166.54795067986186,4.1992607661537926e-38,0.04340896967379277
GF_00294,Positive,0.2077894055453663,0.4782608695652174,0.2704714640198511,46,7.650677399265645,0.005675100740337402,0.042671083822924116
GF_00665,Positive,0.4440677966101695,0.4440677966101695,0.0,295,94.42113555688259,2.5505432400368193e-22,0.04258819346039511
GF_02332,Positive,0.2958177415804535,0.39322033898305087,0.09740259740259741,295,41.429210682249376,1.2221741271170012e-10,0.042456798947259795
GF_00900,Positive,0.6881873565946672,0.8787878787878788,0.1906005221932115,66,125.72501156694427,3.5318451512522684e-29,0.0422529254426163
GF_00638,Positive,0.3023018648018648,0.41025641025641024,0.10795454545454546,273,45.87489203361192,1.260512166191093e-11,0.04219926727652751
GF_00881,Positive,0.5332210998877666,0.7727272727272727,0.23950617283950618,44,52.059758808620074,5.38370014493099e-13,0.04206305144385342
GF_00657,Positive,0.6318681318681318,0.7857142857142857,0.15384615384615385,98,144.9825533724969,2.16658244742823e-33,0.041830242880783554
GF_00746,Positive,0.40206472106412544,0.4977168949771689,0.09565217391304348,219,85.82809145981936,1.9627798135802183e-20,0.04176234149395356
GF_00000,Positive,0.03750954927425515,0.31932773109243695,0.2818181818181818,119,0.4278229888623559,0.5130591123910768,0.041643011427383525
GF_01903,Negative,-0.18879719929982497,0.12903225806451613,0.3178294573643411,62,8.327074649431557,0.003905850483580402,0.04161565369801674
GF_00982,Positive,0.37119879366675046,0.43478260869565216,0.06358381502890173,276,69.12641278104115,9.235025736441545e-17,0.04148454099315359
GF_02412,Positive,0.41058506071384765,0.532258064516129,0.12167300380228137,186,86.90796654292342,1.136904895140535e-20,0.04129383481074247
GF_00330,Positive,0.4477671451355662,0.5311004784688995,0.08333333333333333,209,106.2390544947464,6.535585574655137e-25,0.040738031668094865
GF_01667,Positive,0.6583546462063086,0.8152173913043478,0.1568627450980392,92,150.26524509443595,1.5169937705562912e-34,0.04044363213687285
GF_00120,Positive,0.766031746031746,0.8888888888888888,0.12285714285714286,99,215.46014770743312,8.844783038884571e-49,0.040382640114607245
GF_01561,Negative,-0.3396241730589715,0.14728682170542637,0.4869109947643979,258,59.63042571725002,1.1445197703900748e-14,0.04021134093956983
GF_00625,Positive,0.458041958041958,0.458041958041958,0.0,286,103.2123388174243,3.0108507507179603e-24,0.03997611419506874
GF_00948,Negative,-0.1669085631349782,0.15384615384615385,0.32075471698113206,78,7.900107234123069,0.0049431866784824035,0.039809152420592596
GF_02209,Positive,0.5838062340653014,0.7936507936507936,0.20984455958549222,63,86.5303196055157,1.3761130663590074e-20,0.039706268483743264
GF_01969,Positive,0.33160839749253224,0.49707602339181284,0.16546762589928057,171,54.749618920230546,1.3690574836809106e-13,0.039512179536279064
GF_00629,Positive,0.6487976406533575,0.7310344827586207,0.08223684210526316,145,196.8623994819507,1.0105389002782579e-44,0.03934183741268373
GF_00878,Negative,-0.15474134386051486,0.15873015873015872,0.3134715025906736,63,5.5495589766609275,0.018485344049309658,0.03929920897096275
GF_02391,Negative,-0.05258525852585258,0.24444444444444444,0.297029702970297,45,0.3172361768739649,0.5732733547202964,0.03885032042270887
GF_00902,Positive,0.3731452455590386,0.43636363636363634,0.06321839080459771,275,70.01566875490039,5.883525170434615e-17,0.03871100367299437
GF_00930,Positive,0.7650611819838584,0.8608695652173913,0.09580838323353294,115,238.6290634920692,7.82770360017681e-54,0.0384691723361133
GF_01661,Negative,-0.001667083437526029,0.2903225806451613,0.29198966408268734,62,0.0,1.0,0.038240788602545
GF_01932,Positive,0.35068075594391385,0.44015444015444016,0.08947368421052632,259,63.54060645122212,1.5709493809314459e-15,0.038197514994803276
GF_01128,Positive,0.7418555240793201,0.875,0.13314447592067988,96,197.4427543338717,7.549143726866074e-45,0.03818719155413612
GF_00331,Positive,0.39983848172824554,0.517948717948718,0.11811023622047244,195,83.42242141774332,6.626612160366785e-20,0.03818328364324028
GF_00213,Positive,0.10309718002025692,0.36936936936936937,0.26627218934911245,111,3.81369356506947,0.05083523413263372,0.037728203851628145
GF_02109,Positive,0.5037957211870256,0.6149068322981367,0.1111111111111111,161,124.41918185662223,6.820108120822482e-29,0.037649554376404895
GF_00407,Positive,0.37735924986921,0.4581673306772908,0.08080808080808081,251,74.46229450387035,6.1807559497737594e-18,0.03737315618787263
GF_01785,Positive,0.4511178861788617,0.6625,0.21138211382113822,80,62.58593393625061,2.550686983695058e-15,0.03712814529387367
GF_00707,Negative,-0.06297948260481714,0.24210526315789474,0.3050847457627119,95,1.1490837339483284,0.28374103833595243,0.036975723251574034
GF_00661,Positive,0.4863816475495307,0.5885714285714285,0.10218978102189781,175,119.9193498848386,6.588559555433227e-28,0.036839164229761134
GF_01678,Positive,0.664578111946533,0.7698412698412699,0.10526315789473684,126,190.53438645608327,2.430450969540901e-43,0.036801550869959815
GF_00940,Negative,-0.12817848410757948,0.175,0.30317848410757947,40,2.3099803139248567,0.1285456780245303,0.03653837863432991
GF_01606,Positive,0.6844291413892988,0.8130841121495327,0.1286549707602339,107,181.4655075081326,2.319784173059665e-41,0.0363281519877001
GF_01905,Positive,0.5410102525631408,0.7580645161290323,0.21705426356589147,62,73.09847852229234,1.2333956521824723e-17,0.0362070762761436
GF_02110,Negative,-0.18828880773912485,0.13953488372093023,0.3278236914600551,86,11.035134785452248,0.0008940117576645813,0.036094469921923535
GF_00177,Positive,0.5144734098018771,0.6057142857142858,0.09124087591240876,175,134.31410752777558,4.664080474364515e-31,0.035828637567134565
GF_00689,Positive,0.7009069186488541,0.8240740740740741,0.12316715542521994,108,191.62821199507445,1.4026047600234694e-43,0.03558457249994071
GF_00856,Positive,0.23632610939112486,0.4117647058823529,0.17543859649122806,221,29.198916118182012,6.531573335382842e-08,0.03535297006103514
GF_01665,Negative,-0.016936593627606633,0.2765957446808511,0.2935323383084577,47,0.005202723640000765,0.942498525000304,0.03494286574233466
GF_00974,Positive,0.7465440356744705,0.8653846153846154,0.11884057971014493,104,211.9340245715925,5.1990674385618685e-48,0.034865757737636914
GF_00105,Negative,-0.2504694835680751,0.13333333333333333,0.38380281690140844,165,30.4849107237865,3.364734459838957e-08,0.03483783670123493
GF_01664,Negative,-0.07149270482603817,0.22727272727272727,0.29876543209876544,44,0.6662007411346273,0.41437934582152325,0.03450147170090198
GF_00176,Positive,0.4936461388074291,0.6666666666666666,0.17302052785923755,108,94.35497359094225,2.6372343471455623e-22,0.03441320554239692
GF_01699,Positive,0.5763305322128851,0.75,0.17366946778711484,92,114.81115568731757,8.656028476485474e-27,0.03417210116641142
GF_01872,Negative,-0.12364009579199453,0.189873417721519,0.31351351351351353,79,4.236335884309369,0.03956747385292799,0.03394715373827407
GF_00853,Negative,-0.13261331444759206,0.1875,0.32011331444759206,96,5.797703785170603,0.0160471179350841,0.03394499941013
GF_02445,Negative,-0.042408860175357666,0.2545454545454545,0.2969543147208122,55,0.23990180423610238,0.6242770459083287,0.03381409188238682
GF_00676,Positive,0.448754415745286,0.5985915492957746,0.1498371335504886,142,92.46274342937349,6.860421163535169e-22,0.033807717313505924
GF_00224,Positive,0.4606539705353935,0.5041322314049587,0.043478260869565216,242,112.3548022867185,2.987624330171942e-26,0.0335081862200361
GF_00791,Negative,-0.06692370129870129,0.234375,0.3012987012987013,64,0.8876303208567381,0.3461202773040838,0.0334256245733249
GF_01666,Negative,-0.3595264579691721,0.10599078341013825,0.46551724137931033,217,68.40952948989649,1.3283408950413447e-16,0.0334070445334508
GF_00181,Negative,-0.014033680834001583,0.27906976744186046,0.29310344827586204,43,0.00025945447059678685,0.9871485579857777,0.03333985152516383
GF_01968,Negative,-0.07441016333938291,0.2413793103448276,0.3157894736842105,145,2.2828160411176777,0.13081416436552837,0.033095842176922
GF_02112,Negative,-0.20258654372118462,0.11940298507462686,0.3219895287958115,67,10.362407520093708,0.0012860737485163077,0.03305400153285267
GF_01765,Positive,0.5220342658859249,0.6289308176100629,0.10689655172413794,159,132.92359993715388,9.395893068266614e-31,0.03304178620857662
GF_00980,Negative,-0.1584222858630565,0.17391304347826086,0.3323353293413174,115,9.637690129106865,0.0019062480883655403,0.03295506047951635
GF_02018,Negative,-0.08920634920634923,0.2222222222222222,0.31142857142857144,99,2.5559277820695794,0.10988129214207444,0.03291257209414811
GF_00830,Negative,-0.04584352078239606,0.25,0.29584352078239606,40,0.18193240758870025,0.6697177927014452,0.03288155365616443
GF_01501,Positive,0.29705215419501135,0.29705215419501135,0.0,441,2.07179392803499,0.15004493931726656,0.0327716933749741
GF_00266,Positive,0.6906552094522019,0.8947368421052632,0.20408163265306123,57,111.55849660150363,4.4643643291828235e-26,0.03273547112845703
GF_02111,Positive,0.14790334044065384,0.39552238805970147,0.24761904761904763,134,9.249305046778801,0.0023558481053211123,0.03271911574950367
GF_02464,Positive,0.6060289344848452,0.7547169811320755,0.14868804664723032,106,141.0065732127093,1.603632617873889e-32,0.03262866650109456
GF_00663,Positive,0.7333601501743094,0.8454545454545455,0.11209439528023599,110,212.62531878151168,3.673771874512185e-48,0.03256316700369954
GF_00727,Negative,-0.11199322536254896,0.19148936170212766,0.3034825870646766,47,2.04097039704106,0.15311194340259626,0.03255041627163343
GF_02017,Negative,-0.21013241220495105,0.1111111111111111,0.32124352331606215,63,10.578841407895151,0.0011438932648023892,0.032430904709883766
GF_02513,Positive,0.6880827258857434,0.8235294117647058,0.13544668587896252,102,177.3025265554608,1.881101818047339e-40,0.032376224646402905
GF_02019,Negative,-0.03955910852713174,0.26356589147286824,0.303125,129,0.5179906724377742,0.47170006471104176,0.03224788597528207
GF_00335,Positive,0.2793253968253968,0.4311111111111111,0.15178571428571427,225,41.042745724563105,1.4893594157144238e-10,0.03217935816602333
GF_02387,Positive,0.4161275017253278,0.4409722222222222,0.024844720496894408,288,84.53834103614152,3.7683581720753884e-20,0.032153928393026464
GF_01601,Negative,-0.08826075884899412,0.226890756302521,0.3151515151515151,119,2.8838925556867236,0.08946950306695313,0.0321351235943442
GF_00593,Positive,0.3893015138601404,0.4573643410852713,0.06806282722513089,258,78.62281913617699,7.517600675283491e-19,0.03207787610013806
GF_00872,Positive,0.5068686868686869,0.6868686868686869,0.18,99,93.51208319226504,4.037282531794411e-22,0.031962709383762736
GF_01206,Positive,0.5499910490511994,0.7719298245614035,0.22193877551020408,57,70.21108076006126,5.328627685407489e-17,0.03194657688509186
GF_00401,Positive,0.03740405544735942,0.32558139534883723,0.2881773399014778,43,0.11335876054452115,0.7363521650121618,0.03188281365036783
GF_01657,Positive,0.5284446322907861,0.621301775147929,0.09285714285714286,169,139.88088454110203,2.826582186079761e-32,0.0318157530343167
GF_02360,Positive,0.25145982399868405,0.5079365079365079,0.25647668393782386,63,15.378868799528954,8.796654870908098e-05,0.03179166506583864
GF_01811,Negative,-0.01839853300733496,0.275,0.293398533007335,40,0.003855560269494497,0.9504886456170722,0.031692482893786095
GF_02105,Negative,-0.09778467616763087,0.21052631578947367,0.30831099195710454,76,2.4674813943775264,0.11622402712837283,0.0316764323044743
GF_00891,Negative,-0.10072416063199471,0.22580645161290322,0.32653061224489793,155,4.50751189940727,0.03374629600733613,0.031647754708432334
GF_00457,Positive,0.6744363674673409,0.7964601769911505,0.12202380952380952,113,182.8938045575237,1.1313905869875064e-41,0.03150337065938676
GF_00860,Negative,-0.0828568346099903,0.21739130434782608,0.3002481389578164,46,1.0000498231801382,0.3172984524122357,0.03140425915349492
GF_00034,Positive,0.5693303248329005,0.6506024096385542,0.0812720848056537,166,161.37994689199581,5.651378601479993e-37,0.03135416345419583
GF_01670,Positive,0.3956043956043956,0.5384615384615384,0.14285714285714285,169,77.91755964644703,1.0743207566744506e-18,0.03133164401346488
GF_00451,Positive,0.0954383109543831,0.3561643835616438,0.2607260726072607,146,3.8934032396465312,0.048476099332791484,0.031148249330455863
GF_00631,Positive,0.3243467720211906,0.39867109634551495,0.07432432432432433,301,48.95462561443093,2.619527554535072e-12,0.03110050322136274
GF_01912,Negative,-0.11690915339672359,0.18604651162790697,0.30295566502463056,43,2.03715578052745,0.15349641908181158,0.031077004597384102
GF_00174,Negative,-0.15251982187466057,0.17592592592592593,0.3284457478005865,108,8.510402458432758,0.0035312195456565004,0.031012552042437667
GF_00604,Positive,0.734104794449622,0.8362068965517241,0.1021021021021021,116,220.83217898092607,5.954779145032879e-50,0.0309014746372985
GF_00715,Positive,0.6787623066104078,0.8888888888888888,0.21012658227848102,54,102.65972818858278,3.979524964157603e-24,0.0308870342135688
GF_00240,Positive,0.7647933392804044,0.8947368421052632,0.12994350282485875,95,208.32823046444327,3.1813050904890284e-47,0.030739969882363768
GF_01662,Positive,0.134744469870328,0.4057971014492754,0.2710526315789474,69,4.499637380181483,0.033902042067806996,0.030461530947984955
GF_02020,Positive,0.11537308960143844,0.3829787234042553,0.2676056338028169,94,4.2454872175893845,0.039354775949623284,0.030421410506761143
GF_02525,Positive,0.613962089690245,0.7142857142857143,0.10032362459546926,140,172.80032169146108,1.8095758323365773e-39,0.030391892426097047
GF_01700,Positive,0.08337147215865753,0.36231884057971014,0.2789473684210526,69,1.5815825437686448,0.2085328880465379,0.03037051773881758
GF_02517,Positive,0.5403044871794872,0.7538461538461538,0.21354166666666666,65,75.943156397925,2.9194916408302214e-18,0.030255268278464236
GF_00148,Positive,0.038326565398305534,0.319672131147541,0.28134556574923547,122,0.45975716791775834,0.49773748292805053,0.03008609967598355
GF_00622,Positive,0.44443758488702306,0.47191011235955055,0.027472527472527472,267,101.31550827506065,7.843924616043616e-24,0.029762307691602166
GF_01656,Positive,0.23551637279596976,0.5,0.26448362720403024,52,11.228504573225596,0.0008055052301428518,0.02973913993249297
GF_02075,Negative,-0.15818181818181817,0.16,0.3181818181818182,75,6.818594872011454,0.009021352014195527,0.029628445288634134
GF_01787,Positive,0.4341844596081884,0.4406779661016949,0.006493506493506494,295,90.21872443577885,2.132344917290887e-21,0.029591098581026706
GF_01555,Positive,0.14580073030777257,0.3148148148148148,0.16901408450704225,378,5.4638321893690325,0.019414023716775117,0.029446312612405368
GF_00490,Positive,0.6459469283896764,0.8571428571428571,0.21119592875318066,56,95.87290823912309,1.2250030368550814e-22,0.029413604300914428
GF_01012,Positive,0.3910185299313858,0.45112781954887216,0.060109289617486336,266,78.337498845267,8.68572904599631e-19,0.029394972928806665
GF_00596,Negative,-0.16015834675254964,0.16049382716049382,0.32065217391304346,81,7.484149023649092,0.006224447873143494,0.029297999397624907
GF_01742,Positive,0.3359705704495061,0.5371900826446281,0.20121951219512196,121,46.67248954820498,8.389858150333359e-12,0.028907116282551798
GF_02448,Negative,-0.16362467866323907,0.15,0.31362467866323906,60,5.966560512195793,0.014579691637255324,0.028855543796251035
GF_00671,Positive,0.8020237452779277,0.8990825688073395,0.09705882352941177,109,253.07099678800108,5.558411433716545e-57,0.028845661440944945
GF_01598,Negative,-0.03441579458409755,0.2608695652173913,0.29528535980148884,46,0.09941137375734801,0.7525371551724973,0.0287119378952168
GF_02152,Positive,0.6619263941009942,0.8313253012048193,0.16939890710382513,83,140.27310644489228,2.3200218633826195e-32,0.02870712172476363
GF_01731,Positive,0.6618362435352553,0.7796610169491526,0.11782477341389729,118,181.21019191690783,2.6374917409338836e-41,0.028692345316281617
GF_00620,Positive,0.3367830295541139,0.3795180722891566,0.042735042735042736,332,45.8708772600172,1.2630981323673331e-11,0.028659810991493926
GF_00600,Negative,-0.15520106347623797,0.1977401129943503,0.35294117647058826,177,11.75931984493353,0.0006053934410428223,0.028644283363205066
GF_00992,Positive,0.31182015953589554,0.42857142857142855,0.116751269035533,252,50.52822600939527,1.1746319711685109e-12,0.028609599837756166
GF_00231,Negative,-0.0882290674288134,0.2127659574468085,0.3009950248756219,47,1.1870134993159556,0.27593279761968204,0.028511892324824064
GF_00494,Positive,0.6667364893171344,0.8441558441558441,0.1774193548387097,77,134.03528781095812,5.367298124722555e-31,0.02850606126571963
GF_00829,Positive,0.09320448877805487,0.375,0.2817955112219451,48,1.3793832736286455,0.2402062261916863,0.028436455682225793
GF_00590,Negative,-0.06231483310290342,0.24096385542168675,0.30327868852459017,83,0.9877366522653463,0.32029618632158774,0.02829808922947252
GF_01822,Positive,0.6122596153846154,0.8153846153846154,0.203125,65,97.90595050140621,4.387333033074799e-23,0.028169318036023613
GF_01909,Positive,0.36408372941571854,0.549618320610687,0.18553459119496854,131,57.7691581460639,2.947552255624617e-14,0.028160336559162297
GF_00865,Positive,0.5876814882032668,0.6896551724137931,0.10197368421052631,145,161.25503725405557,6.017890795440231e-37,0.02785814556443995
GF_00575,Negative,-0.20077007700770078,0.1111111111111111,0.3118811881188119,45,6.9566794147308055,0.008350687455810817,0.027636919214524932
GF_01730,Positive,0.6594984802431612,0.775,0.11550151975683891,120,181.89925459282762,1.865295911850022e-41,0.027604470221177946
GF_01140,Negative,-0.00010390689941808251,0.2916666666666667,0.29177057356608477,48,0.0,1.0,0.027509553705117862
GF_01566,Positive,0.5111901230259139,0.6242038216560509,0.11301369863013698,157,126.65852138057035,2.2065344621410493e-29,0.027493747321069833
GF_01965,Positive,0.7728864174647307,0.8632478632478633,0.09036144578313253,117,246.36762494559943,1.6082478355950686e-55,0.027448878340932067
GF_00677,Positive,0.42025181391378574,0.5575757575757576,0.13732394366197184,165,87.17874727431143,9.914345017194498e-21,0.02743931881823995
GF_00632,Negative,-0.10591259640102829,0.2,0.3059125964010283,60,2.332633317550103,0.12668740368141623,0.027386693819246882
GF_02108,Negative,-0.11173511173511175,0.19047619047619047,0.3022113022113022,42,1.791272833608639,0.18077115773312727,0.027347033593806955
GF_00804,Negative,-0.08758002560819464,0.23636363636363636,0.323943661971831,165,3.4617615789308234,0.06280337301457904,0.02722915819193557
GF_00605,Negative,-0.09415329768270944,0.21333333333333335,0.3074866310160428,75,2.2438233272306736,0.1341489194125473,0.02717740594720214
GF_00175,Positive,0.6202520643198609,0.8305084745762712,0.21025641025641026,59,92.43349793419353,6.962554993628472e-22,0.027020438709943997
GF_00809,Positive,0.3139285714285714,0.5714285714285714,0.2575,49,19.327759031327496,1.1009411659225706e-05,0.02698691960547976
GF_00391,Negative,-0.05799343647444913,0.24074074074074073,0.29873417721518986,54,0.5180207229939265,0.47168720853521295,0.02693526857831112
GF_01498,Positive,0.3768785388905445,0.43109540636042404,0.05421686746987952,283,70.10695479489655,5.617456616816925e-17,0.02690040158880137
GF_01736,Positive,0.6289380226830106,0.8604651162790697,0.2315270935960591,43,71.41914478997516,2.8885576261920047e-17,0.02688256221766099
GF_02153,Positive,0.4074782895007614,0.45692883895131087,0.04945054945054945,267,85.00321921027978,2.9787969739159276e-20,0.026697744048483425
GF_00623,Negative,-0.07744412383234703,0.23622047244094488,0.3136645962732919,127,2.2820296127634547,0.1308805003785106,0.026526533782330806
GF_01962,Positive,0.41249483684427923,0.5388888888888889,0.12639405204460966,180,86.81432020896281,1.1920327440727759e-20,0.0264166301355048
GF_00334,Positive,0.009046454767726142,0.3,0.29095354523227385,40,0.0,1.0,0.026354382808741767
GF_00788,Positive,0.3502673796791444,0.3502673796791444,0.0,374,35.416265417217474,2.6625410001977103e-09,0.026312453101713987
GF_00398,Positive,0.04620462046204621,0.3333333333333333,0.2871287128712871,45,0.224600211563477,0.6355569225701386,0.026101411745595257
GF_00607,Negative,-0.043567874911158544,0.26119402985074625,0.3047619047619048,134,0.6655928866750831,0.41459236002705324,0.026094235792406596
GF_01668,Positive,0.5652857634281783,0.6984126984126984,0.13312693498452013,126,137.44833701777358,9.621415628417712e-32,0.025857641075385632
GF_00987,Negative,-0.13627765441236944,0.1746031746031746,0.31088082901554404,63,4.230546474515453,0.03970265551104656,0.025831540056429524
GF_02440,Positive,0.36991030034267286,0.5619834710743802,0.19207317073170732,121,56.75642504226447,4.932765653044515e-14,0.025589261867484534
GF_00378,Negative,-0.025824964131994255,0.2682926829268293,0.29411764705882354,41,0.027742149491914975,0.8677164680098228,0.025536125729201567
GF_00239,Positive,0.6775414467722161,0.8018018018018018,0.1242603550295858,111,182.37034044629343,1.4719637165685044e-41,0.025527893256826497
GF_02441,Negative,-0.016936593627606633,0.2765957446808511,0.2935323383084577,47,0.005202723640000765,0.942498525000304,0.02543636874591784
GF_02396,Positive,0.41685215557638244,0.6185567010309279,0.20170454545454544,97,61.94650327023174,3.5291593646591356e-15,0.02540797332426452
GF_00806,Negative,-0.14423469387755103,0.16326530612244897,0.3075,49,3.7245458968730807,0.053618205635398604,0.025285682279828664
GF_01495,Positive,0.35041138443455633,0.4259927797833935,0.0755813953488372,277,61.369597674024206,4.730590667086382e-15,0.02526051488853036
GF_01236,Positive,0.113262390383289,0.39215686274509803,0.27889447236180903,51,2.285186004175123,0.13061448231074163,0.025232541645411766
GF_00123,Positive,0.5876814882032668,0.6896551724137931,0.10197368421052631,145,161.25503725405557,6.017890795440231e-37,0.02520600255410536
GF_00143,Positive,0.1747135217723453,0.42016806722689076,0.24545454545454545,119,12.088299778271377,0.0005073922222606076,0.025119318127509
GF_00145,Negative,-0.11594439013793853,0.2037037037037037,0.3196480938416422,108,4.7897649529283886,0.028629333132900846,0.02504429023202673
GF_01560,Negative,-0.04157303370786514,0.25842696629213485,0.3,89,0.41261298173990213,0.5206462297140847,0.025043880658160367
GF_01821,Positive,0.4920823907608049,0.5405405405405406,0.048458149779735685,222,129.152592568996,6.2799971377886376e-30,0.025014026610470166
GF_00682,Positive,0.668310520665593,0.8395061728395061,0.17119565217391305,81,140.2791767807269,2.3129415264489364e-32,0.02498610056992767
GF_00941,Negative,-0.07551020408163264,0.22448979591836735,0.3,49,0.8668127447039597,0.351839189446316,0.024970824882456
GF_01005,Negative,-0.19061784897025172,0.13043478260869565,0.32105263157894737,69,9.36675351150385,0.0022095651811743057,0.0249217320514217
GF_00112,Positive,0.5514955092357228,0.6369047619047619,0.08540925266903915,168,152.0985799221378,6.029490680631101e-35,0.024869821591694236
GF_01757,Negative,-0.15636918382913806,0.15942028985507245,0.3157894736842105,69,6.174058219899214,0.012963689934691732,0.024853575900522337
GF_01825,Positive,0.5046864450534175,0.5367965367965368,0.03211009174311927,231,135.81665416395887,2.188320835718309e-31,0.024787367961768433
GF_00379,Negative,-0.09100895724184552,0.21311475409836064,0.30412371134020616,61,1.6954146461618982,0.1928887348231803,0.02476456820020757
GF_01499,Positive,0.31417624521072796,0.5555555555555556,0.2413793103448276,72,27.377668383715235,1.6735271866523396e-07,0.0247018413342239
GF_02372,Negative,-0.0037298973067235175,0.28846153846153844,0.29219143576826195,52,0.0,1.0,0.0246448869568751
GF_00824,Positive,0.03287592910234416,0.32075471698113206,0.2878787878787879,53,0.11127977540998045,0.7386918075892528,0.024641389786441
GF_00704,Positive,0.6880827258857434,0.8235294117647058,0.13544668587896252,102,177.3025265554608,1.881101818047339e-40,0.024617415108357254
GF_00274,Positive,0.753073593073593,0.8787878787878788,0.12571428571428572,99,208.1712529243312,3.4423474953754574e-47,0.024495850928914268
GF_01568,Positive,0.5724456773000463,0.6857142857142857,0.11326860841423948,140,150.03508527401993,1.7032991583039794e-34,0.024494581184547268
GF_01602,Positive,0.6195382457654548,0.8478260869565217,0.228287841191067,46,73.72255826741362,8.990552124278832e-18,0.024493836440925548
GF_01502,Positive,0.3731921266581087,0.4280701754385965,0.054878048780487805,285,68.36752327937356,1.3569405208803783e-16,0.02445554179323434
GF_00996,Positive,0.600189753320683,0.6647058823529411,0.06451612903225806,170,181.2596243326645,2.57275484245194e-41,0.024373806195094116
GF_02135,Positive,0.034641893916691646,0.3191489361702128,0.28450704225352114,94,0.2802576249015321,0.5965324099711393,0.024283494013647332
GF_00614,Positive,0.41989279332936275,0.5068493150684932,0.08695652173913043,219,93.69742643801658,3.676386260894903e-22,0.024186017485700134
GF_01603,Positive,0.6804914593946658,0.8297872340425532,0.14929577464788732,94,163.27494871603358,2.1784886642228334e-37,0.024133422956561432
GF_00505,Positive,0.5130922693266833,0.75,0.23690773067331672,48,52.161725025650725,5.111274614528679e-13,0.024110255545488898
GF_01959,Positive,0.3664394878149525,0.43866171003717475,0.07222222222222222,269,68.31514197592504,1.393468496661171e-16,0.023890575961678668
GF_00439,Positive,0.7395492319315033,0.8863636363636364,0.14681440443213298,88,183.7097281046218,7.507246976443779e-42,0.023829937621764635
GF_00450,Positive,0.17371638141809292,0.45,0.2762836185819071,40,4.513755251679146,0.03362334339050739,0.0237707095003787
GF_00668,Positive,0.4372812372812373,0.544973544973545,0.1076923076923077,189,99.1704482494508,2.3167848133588437e-23,0.02375883518827901
GF_00353,Negative,-0.1777271846541368,0.1346153846153846,0.3123425692695214,52,6.194502793628159,0.012814772091672743,0.023729472997015184
GF_00408,Positive,0.4225113858165257,0.4413793103448276,0.018867924528301886,290,86.68672908623421,1.2714715601428044e-20,0.02368116763204539
GF_01952,Positive,0.3033006244424621,0.3559322033898305,0.05263157894736842,354,31.892635104140904,1.629337633882815e-08,0.023675699516099324
GF_01559,Positive,0.622761534399155,0.732824427480916,0.11006289308176101,131,171.13576490984875,4.179350738931107e-39,0.023627308997316663
GF_01604,Positive,0.5962623583313239,0.7153846153846154,0.11912225705329153,130,156.03954875929844,8.298989896634586e-36,0.02325715526551751
GF_00297,Positive,0.391347687400319,0.42424242424242425,0.03289473684210526,297,72.63824645130121,1.5573159720771766e-17,0.023222761702400046
GF_00137,Positive,0.7692640692640692,0.8571428571428571,0.08787878787878788,119,246.76334380973702,1.3184934673532699e-55,0.023153194554146703
GF_02074,Negative,-0.11234071093226025,0.19718309859154928,0.30952380952380953,71,3.127244450525567,0.07699377834692007,0.023115655339523127
GF_01722,Positive,0.46506211180124224,0.5900621118012422,0.125,161,105.85174948907489,7.946309930484349e-25,0.023033056941747707
GF_02433,Negative,-0.047709923664122134,0.25,0.29770992366412213,56,0.33373480642534215,0.5634681306616036,0.022984004510886797
GF_01138,Positive,0.38810763160104106,0.4404332129963899,0.05232558139534884,277,75.4832154060843,3.685263406297417e-18,0.022971483297025835
GF_02437,Negative,-0.05285535266738278,0.24561403508771928,0.29846938775510207,57,0.4413233959645346,0.5064843991872245,0.02296362615097502
GF_01599,Negative,-0.1382694873260911,0.16981132075471697,0.30808080808080807,53,3.6815934515408366,0.05501624800946126,0.022958333213554522
GF_00801,Positive,0.749345892203035,0.8775510204081632,0.1282051282051282,98,204.57263264273712,2.0991136139900246e-46,0.022958061153490066
GF_01827,Positive,0.44821316614420065,0.46545454545454545,0.017241379310344827,275,101.45163902242138,7.322964217410044e-24,0.022936889816361036
GF_02185,Negative,-0.1777271846541368,0.1346153846153846,0.3123425692695214,52,6.194502793628159,0.012814772091672743,0.022908289638179393
GF_02389,Positive,0.4515665479274611,0.5492227979274611,0.09765625,193,106.41539226926525,5.979151991061899e-25,0.02286625397235684
GF_00107,Negative,-0.1868723098995696,0.12195121951219512,0.3088235294117647,41,5.4243668769904705,0.019857634134744038,0.02269392477046819
GF_00208,Positive,0.7310601719197708,0.86,0.12893982808022922,100,197.51631947622758,7.275169793840938e-45,0.022616761486464156
GF_00237,Positive,0.3941470054446461,0.5586206896551724,0.16447368421052633,145,71.913307657058,2.2486235788819484e-17,0.022585443595468078
GF_01234,Positive,0.09138141809290956,0.375,0.28361858190709044,40,1.063442382690416,0.302431368379814,0.022583950241598403
GF_02215,Negative,-0.19053469053469055,0.11904761904761904,0.3095823095823096,42,5.798368933676077,0.016041048327374952,0.02250429943586457
GF_00404,Negative,-0.05285535266738278,0.24561403508771928,0.29846938775510207,57,0.4413233959645346,0.5064843991872245,0.02247193616509646
GF_00618,Positive,0.17670846964740095,0.44642857142857145,0.2697201017811705,56,6.576529916314195,0.010333214553017174,0.022343048834106354
GF_00028,Positive,0.5780265555844832,0.7217391304347827,0.1437125748502994,115,135.53772622221697,2.5183697488423466e-31,0.02233145006089572
GF_00185,Positive,0.12932399766608316,0.4032258064516129,0.2739018087855297,62,3.7220117380814317,0.05369963507368928,0.022320039074662536
GF_02516,Positive,0.5361142957932798,0.7586206896551724,0.22250639386189258,58,67.6828829680461,1.9202336660870523e-16,0.02227099240192533
GF_01911,Negative,-0.19860742705570295,0.125,0.32360742705570295,72,10.59905012873093,0.0011314577314651443,0.02224162399809358
GF_00431,Positive,0.5193175915937512,0.5728155339805825,0.053497942386831275,206,143.00585707264005,5.860710792152031e-33,0.022202351153187486
GF_01954,Positive,0.26215047422477766,0.3653250773993808,0.10317460317460317,323,28.89017458886645,7.660049244577569e-08,0.02215404407185773
GF_00732,Negative,-0.5489089541008277,0.28442437923250563,0.8333333333333334,443,6.179810206392005,0.012921613646275584,0.022077105950384857
GF_00616,Positive,0.3203116049948448,0.5813953488372093,0.26108374384236455,43,17.786788559684524,2.4709304325145325e-05,0.022000560073298734
GF_02523,Negative,-0.07765235029544049,0.22413793103448276,0.30179028132992325,58,1.1220399071863114,0.2894796328345603,0.0219267416369319
GF_01220,Negative,-0.022311891763588887,0.2727272727272727,0.2950391644908616,66,0.04914561488224625,0.8245566923477206,0.021921753442032437
GF_01720,Positive,0.4246265369057632,0.483739837398374,0.059113300492610835,246,95.00543443674275,1.8986332719549058e-22,0.02191037479060053
GF_00979,Positive,0.5629154204054504,0.632768361581921,0.06985294117647059,177,161.7153253521049,4.774001004818085e-37,0.021777371426012052
GF_00001,Positive,0.6753246753246753,0.8181818181818182,0.14285714285714285,99,167.07170766826857,3.2267594463369253e-38,0.021732837039609775
GF_00874,Positive,0.6425131456091209,0.753968253968254,0.11145510835913312,126,177.9900134676929,1.3313592697471518e-40,0.0217046921171507
GF_02388,Negative,-0.09072854098043018,0.21153846153846154,0.3022670025188917,52,1.4188352769121768,0.23359520592229466,0.021648292633797597
GF_02411,Positive,0.405658531813958,0.5826771653543307,0.17701863354037267,127,70.58197615677739,4.415326224315244e-17,0.02161607443471913
GF_00354,Negative,-0.047229219143576806,0.25,0.2972292191435768,52,0.29407321402177383,0.5876220648956957,0.0214964830507185
GF_01858,Positive,0.34904224847833865,0.5964912280701754,0.24744897959183673,57,27.67546601599685,1.434708114109264e-07,0.021467634916177935
GF_01733,Positive,0.5885504398278121,0.7007299270072993,0.11217948717948718,137,156.74887033226662,5.80798326644702e-36,0.02144759560296527
GF_02485,Positive,0.725415512465374,0.875,0.14958448753462603,88,176.68853204487186,2.5614419447160294e-40,0.021422105357527813
GF_00863,Positive,0.39502595155709347,0.43252595155709345,0.0375,289,75.87092611296886,3.028261363409138e-18,0.021233140535330295
GF_00592,Negative,-0.14708193041526377,0.1590909090909091,0.30617283950617286,44,3.473722265207594,0.0623508576061112,0.021050297321481642
GF_01145,Negative,-0.12907072062001637,0.18309859154929578,0.31216931216931215,71,4.214574599099891,0.040078114548118764,0.021035924751914747
GF_00376,Positive,0.15708388618605337,0.40476190476190477,0.2476780185758514,126,10.077063518670826,0.001501263972621506,0.020960869441279218
GF_01553,Positive,0.7551050519357885,0.8854166666666666,0.13031161473087818,96,204.6230709842109,2.046587783851698e-46,0.020949521236184463
GF_02393,Positive,0.6658576051779935,0.75,0.08414239482200647,140,203.51716992488113,3.567296869702013e-46,0.020871311257731565
GF_00828,Positive,0.46469271469271467,0.5608465608465608,0.09615384615384616,189,112.13291334182371,3.341415615693488e-26,0.0207921812864372
GF_00498,Positive,0.31952017448200654,0.5714285714285714,0.25190839694656486,56,22.69565118208709,1.8979693049279472e-06,0.020727167786433343
GF_02374,Negative,-0.006669006669006661,0.2857142857142857,0.29238329238329236,42,0.0,1.0,0.020689770979571535
GF_01674,Positive,0.3931866926031224,0.5772357723577236,0.18404907975460122,123,64.92486860445186,7.780887682448454e-16,0.020644201225437097
GF_00893,Positive,0.37080644223501363,0.5816326530612245,0.21082621082621084,98,49.198462955682885,2.3133189837424177e-12,0.020589269582883336
GF_01045,Negative,-0.12114392873886548,0.18518518518518517,0.30632911392405066,54,2.8131768395167955,0.09349306484417902,0.02049478064388419
GF_01011,Positive,0.7573521797659728,0.853448275862069,0.0960960960960961,116,235.15527991689305,4.478317270014671e-53,0.020485664623102865
GF_02443,Positive,0.0015433459740717415,0.29310344827586204,0.2915601023017903,58,0.0,1.0,0.020430824106366024
GF_00619,Positive,0.4121707647012015,0.4872881355932203,0.07511737089201878,236,90.05979908048613,2.3106940898153296e-21,0.02043082149703705
GF_01758,Positive,0.3216352816499552,0.4787234042553192,0.15708812260536398,188,53.16541252967508,3.066102452845726e-13,0.02035601557846491
GF_00358,Negative,-0.023431005818786377,0.2708333333333333,0.2942643391521197,48,0.028727559185178327,0.8654096153979164,0.020307075777436664
GF_02379,Positive,0.7319340858697844,0.8264462809917356,0.09451219512195122,121,225.63801816166801,5.3291379098073906e-51,0.0202176284029339
GF_02521,Negative,-0.006669006669006661,0.2857142857142857,0.29238329238329236,42,0.0,1.0,0.020202921136232403
GF_01194,Negative,-0.22012971790263344,0.1044776119402985,0.32460732984293195,67,12.32321455839293,0.0004473596293941426,0.020105001637508522
GF_00690,Positive,0.47822053722674834,0.5612244897959183,0.08300395256916997,196,119.92752684165148,6.561457247492566e-28,0.02010444088720782
GF_00136,Positive,0.6239341085271317,0.7364341085271318,0.1125,129,170.200526139815,6.689131384328972e-39,0.02005523483996299
GF_02180,Negative,-0.1288867790173273,0.18181818181818182,0.31070496083550914,66,3.923676689906971,0.0476106470657373,0.02003994063170892
GF_01593,Negative,-0.2157894736842105,0.1,0.3157894736842105,50,8.995634258542317,0.0027062533257640746,0.02003475133119222
GF_00705,Negative,-0.014033680834001583,0.27906976744186046,0.29310344827586204,43,0.00025945447059678685,0.9871485579857777,0.02000386901351101
GF_01496,Positive,0.19141069397042096,0.4166666666666667,0.22525597269624573,156,17.135371987381248,3.4807977533990813e-05,0.019986099159436065
GF_01576,Positive,0.6394486215538847,0.86,0.22055137844611528,50,84.85558891738202,3.209722369355155e-20,0.019913226965520125
GF_01660,Positive,0.5771673547157827,0.8085106382978723,0.23134328358208955,47,65.07395206319777,7.213936183653052e-16,0.019907605418266267
GF_00352,Negative,-0.04870129870129869,0.25,0.2987012987012987,64,0.41625721031468044,0.5188105564878417,0.019844852768081667
GF_01537,Positive,0.3316498316498317,0.5909090909090909,0.25925925925925924,44,19.55138615262951,9.792965450011708e-06,0.019776269339813215
GF_01855,Positive,0.03177944862155391,0.32,0.2882205513784461,50,0.09059679571245553,0.7634198201130629,0.0197649671540371
GF_00947,Negative,-0.0018122508155128392,0.2903225806451613,0.29213483146067415,93,0.0,1.0,0.019707740157334282
GF_00667,Positive,0.6547469151347268,0.8181818181818182,0.1634349030470914,88,143.63452638107174,4.2706779738476175e-33,0.019654104349377834
GF_01649,Positive,0.778989898989899,0.898989898989899,0.12,99,222.8744626544659,2.1350499792238167e-50,0.019510238036453836
GF_01175,Negative,-0.19930465015210774,0.11864406779661017,0.31794871794871793,59,8.91052022549504,0.0028353248291305274,0.019476788035225942
GF_00211,Positive,0.3873288873288874,0.6428571428571429,0.25552825552825553,42,25.798177955377653,3.7904612691088713e-07,0.019438979929847968
GF_01006,Positive,0.4181047937569677,0.431438127090301,0.013333333333333334,299,82.4933844734688,1.0602439872552693e-19,0.01939886183003234
GF_00221,Positive,0.5838062340653014,0.7936507936507936,0.20984455958549222,63,86.5303196055157,1.3761130663590074e-20,0.019331215946484567
GF_01908,Positive,0.339525775378427,0.5957446808510638,0.2562189054726368,47,21.86127413422284,2.9308948685581674e-06,0.0192394418450923
GF_01222,Positive,0.5878045923149016,0.7525773195876289,0.16477272727272727,97,124.32475674404894,7.152497644806622e-29,0.019157893074863732
GF_00805,Negative,-0.062139037433155075,0.24,0.30213903743315507,75,0.8860222992692641,0.3465575082095975,0.01913994140596353
GF_02406,Positive,0.7066128612340536,0.8173913043478261,0.11077844311377245,115,203.30159808272666,3.975374115279354e-46,0.019037748567652276
GF_00400,Positive,0.43609671848013815,0.6666666666666666,0.23056994818652848,63,47.7591530819807,4.819289797058099e-12,0.018962332440536887
GF_00367,Negative,-0.08088658606793325,0.2222222222222222,0.30310880829015546,63,1.3457538928768296,0.24602180085640343,0.018948774093316533
GF_01867,Positive,0.6051435841512177,0.8214285714285714,0.21628498727735368,56,83.9612417684405,5.0457036777878226e-20,0.01894635211845923
GF_01142,Negative,-0.09668911335578004,0.20454545454545456,0.3012345679012346,44,1.3581687081822107,0.24385511271912405,0.018872454150633707
GF_02104,Positive,0.4899527457907052,0.6267605633802817,0.13680781758957655,142,110.43459962400078,7.869942498868369e-26,0.018798765619030256
GF_00880,Negative,-0.05457170764853275,0.25748502994011974,0.3120567375886525,167,1.25907969581332,0.2618253635138471,0.018669814723096752
GF_00385,Negative,-0.2129591836734694,0.10204081632653061,0.315,49,8.577803443014107,0.0034028562394238064,0.018645412959171864
GF_01767,Positive,0.6966256970524638,0.8316831683168316,0.13505747126436782,101,180.48736400896206,3.7932350964657285e-41,0.018617152215899026
GF_01723,Positive,0.5662282878411911,0.7016129032258065,0.13538461538461538,124,136.53636910258973,1.5229845208978925e-31,0.018609429162084534
GF_02183,Positive,0.5166023003945932,0.6104651162790697,0.09386281588447654,172,134.55811347434602,4.124699786590779e-31,0.01856089231947923
GF_01277,Positive,0.13501891984864123,0.3888888888888889,0.25386996904024767,126,7.356622875331917,0.006681617250654355,0.018504101934658335
GF_00435,Positive,0.526565335753176,0.6482758620689655,0.12171052631578948,145,129.1968835671631,6.141414832881799e-30,0.018486223529249866
GF_00950,Negative,-0.1777271846541368,0.1346153846153846,0.3123425692695214,52,6.194502793628159,0.012814772091672743,0.018462118133801508
GF_00212,Positive,0.7197405277900634,0.8095238095238095,0.08978328173374613,126,223.7640017100853,1.365808204154771e-50,0.01845281884681742
GF_01729,Positive,0.5449280449280449,0.7857142857142857,0.24078624078624078,42,52.105044128223945,5.260961347053142e-13,0.01845058108059387
GF_01801,Positive,0.6577121425222691,0.8703703703703703,0.21265822784810126,54,96.29382364949632,9.903851568979546e-23,0.01843293650764367
GF_00859,Positive,0.09138141809290956,0.375,0.28361858190709044,40,1.063442382690416,0.302431368379814,0.018391100122248826
GF_01652,Positive,0.4635732633765098,0.6448598130841121,0.18128654970760233,107,82.53212077343107,1.0396681250232091e-19,0.01837501192605558
GF_01682,Positive,0.6960012351397251,0.8823529411764706,0.18635170603674542,68,131.92282508541302,1.5555025977314403e-30,0.018353797148228
GF_00970,Positive,0.6391973024097377,0.8412698412698413,0.20207253886010362,63,104.01818059503525,2.0046807517717657e-24,0.018339788702119598
GF_00238,Positive,0.5621883591966075,0.6811594202898551,0.1189710610932476,138,143.49323996746278,4.58550956899943e-33,0.018172301595034305
GF_00206,Positive,0.6481645404842489,0.7739130434782608,0.12574850299401197,115,170.80269859385112,4.94141657225237e-39,0.0181116024250602
GF_00395,Positive,0.01872953915890202,0.3068181818181818,0.2880886426592798,88,0.04657302809893564,0.8291375291275837,0.01807052337288802
GF_01810,Positive,0.09929824561403511,0.38,0.2807017543859649,50,1.6668684773650964,0.19667850161901307,0.018033934328431936
GF_02442,Negative,-0.14664926022628375,0.16666666666666666,0.3133159268929504,66,5.171153934934203,0.02296495624015863,0.017991800087613332
GF_01263,Positive,0.35499261388589454,0.4830917874396135,0.128099173553719,207,66.334130037196,3.806109580606423e-16,0.017932287186536087
GF_00739,Positive,0.6830143540669857,0.8409090909090909,0.15789473684210525,88,156.44573371960186,6.764968494400292e-36,0.017848062499101067
GF_00241,Positive,0.7212110845022237,0.8860759493670886,0.16486486486486487,79,160.39911567038718,9.25650476192288e-37,0.017816529719153935
GF_00103,Positive,0.47146858743497405,0.5490196078431373,0.07755102040816327,204,117.4721099982794,2.2625941607138475e-27,0.01769695011421069
GF_01928,Positive,0.3420622265832618,0.43346007604562736,0.0913978494623656,263,60.0474350107236,9.25985979509914e-15,0.01766588205517428
GF_00613,Positive,0.6515768294965375,0.7445255474452555,0.09294871794871795,137,192.45291763541957,9.266797998659742e-44,0.01762136704334256
GF_00969,Positive,0.6158533463054944,0.7457627118644068,0.1299093655589124,118,156.69956255540404,5.953877250294289e-36,0.017395776669638333
GF_01089,Negative,-0.14600830641439777,0.16363636363636364,0.3096446700507614,55,4.297698483074973,0.03816398673631166,0.0173596398397627
GF_01594,Negative,-0.1769789755891068,0.14473684210526316,0.32171581769436997,76,8.732724200834424,0.0031254917423074744,0.017267678215397157
GF_01860,Positive,0.6904051172707889,0.7761194029850746,0.08571428571428572,134,213.52762114036423,2.334901749555234e-48,0.017080333891929925
GF_00077,Positive,0.6640582655826559,0.8375,0.17344173441734417,80,137.11087007743953,1.1403686889069557e-31,0.01705966455219565
GF_00210,Negative,-0.06419098143236074,0.24615384615384617,0.3103448275862069,130,1.5441985443944133,0.21399394057776366,0.017047073750010713
GF_01235,Negative,-0.11638418079096047,0.2,0.3163841807909605,95,4.362707409064366,0.03673388044634197,0.016973427510109707
GF_00406,Positive,0.00266036062666275,0.29411764705882354,0.2914572864321608,51,0.0,1.0,0.01696808360478751
GF_01237,Positive,0.1147962382445141,0.3620689655172414,0.24727272727272728,174,6.252302068924381,0.012403200879656314,0.0169677113573246
GF_01630,Positive,0.5260416666666666,0.6666666666666666,0.140625,129,120.58721820083343,4.705198822910895e-28,0.016844370438439563
GF_01058,Positive,0.31234604394521626,0.5686274509803921,0.2562814070351759,51,19.859056811218448,8.336681979075184e-06,0.0168277985160088
GF_01816,Positive,0.04047069681587445,0.32727272727272727,0.2868020304568528,55,0.2117629830179575,0.6453890914115966,0.01679170318212308
GF_00182,Positive,0.01168518730667889,0.3023255813953488,0.29064039408866993,43,0.0,1.0,0.016746163190965255
GF_00396,Positive,0.07051516258677382,0.34782608695652173,0.2773109243697479,92,1.4355146193755024,0.23086655387744176,0.016735759379771408
GF_02094,Negative,-0.1707769423558897,0.14,0.3107769423558897,50,5.471946593462869,0.019324090489476208,0.016723900429896434
GF_01596,Positive,0.08830864382263456,0.3159509202453988,0.22764227642276422,326,2.9565499258740346,0.08553026237128164,0.016666296035905536
GF_01828,Negative,-0.12258650090764067,0.19811320754716982,0.3206997084548105,106,5.310578998088239,0.021196310802312494,0.0165868568051411
GF_00741,Positive,0.5975757575757575,0.7575757575757576,0.16,99,130.48728831371818,3.205786156770717e-30,0.016569036392181612
GF_00662,Positive,0.6678215311813418,0.8688524590163934,0.20103092783505155,61,110.56174709208537,7.381018637928159e-26,0.016447172779773533
GF_01737,Negative,-0.11002594951639535,0.21481481481481482,0.3248407643312102,135,5.011325697429424,0.02518201625108069,0.016444746475049295
GF_00265,Positive,0.6731258416878647,0.7804878048780488,0.10736196319018405,123,192.57876025180167,8.69886945636291e-44,0.016379498017570333
GF_00571,Positive,0.2084448160535117,0.4519230769230769,0.24347826086956523,104,15.809220653849177,7.006025091225628e-05,0.01637657694382634
GF_00946,Positive,0.7010424070125563,0.7835820895522388,0.08253968253968254,134,220.20995644435908,8.139295841237043e-50,0.0163535035213374
GF_00672,Positive,0.38506308506308506,0.45384615384615384,0.06878306878306878,260,76.67960323109844,2.010693468203037e-18,0.016350679338771195
GF_02184,Negative,-0.1655246094901267,0.1527777777777778,0.3183023872679045,72,7.234768687103541,0.007150502239651455,0.01633574594492249
GF_02376,Negative,-0.20371171171171168,0.12162162162162163,0.3253333333333333,74,11.445759658765777,0.0007165733228616411,0.016300650336501802
GF_00899,Positive,0.10838115734098519,0.3902439024390244,0.2818627450980392,41,1.6258420205491695,0.20227912145491792,0.016160324372015943
GF_01198,Positive,0.5222972409769109,0.7419354838709677,0.21963824289405684,62,68.04323602009893,1.5994956809438862e-16,0.0161558868373474
GF_01223,Positive,0.5698331467562237,0.7207207207207207,0.15088757396449703,111,128.56234227360585,8.454938901854435e-30,0.016148249389228795
GF_00595,Positive,0.021507150715071532,0.3111111111111111,0.2896039603960396,45,0.01643548491749646,0.8979899441581418,0.016145423056790568
GF_01532,Positive,0.3305491462851869,0.5818181818181818,0.2512690355329949,55,23.945295412677957,9.91121916779325e-07,0.016145233838214472
GF_00507,Negative,-0.10891494002181026,0.19642857142857142,0.3053435114503817,56,2.3114628521576557,0.12842313873295377,0.016131283052403023
GF_01494,Positive,0.5920179095260151,0.7941176470588235,0.2020997375328084,68,95.02636958885782,1.8786600055188242e-22,0.016107250737703242
GF_01514,Positive,0.4247236180904522,0.48,0.05527638190954774,250,94.68386084353784,2.233527919907242e-22,0.016087234798542547
GF_01141,Negative,-0.10134757715402876,0.2077922077922078,0.30913978494623656,77,2.699588452186073,0.10037415316653606,0.016056483569107806
GF_00284,Positive,0.37488443759630197,0.42033898305084744,0.045454545454545456,295,67.01310609754088,2.697081059311467e-16,0.016031112768632366
GF_00688,Positive,0.457070707070707,0.6388888888888888,0.18181818181818182,108,80.729193262456,2.588694221475655e-19,0.01598457295589927
GF_00985,Positive,0.43522794055914704,0.4584837545126354,0.023255813953488372,277,95.17755675730297,1.740523980366953e-22,0.01597416306790029
GF_01650,Positive,0.30467148559715174,0.5652173913043478,0.26054590570719605,46,17.1018989711215,3.542686486403161e-05,0.015887378407883394
GF_01970,Negative,-0.14076488483268146,0.1694915254237288,0.31025641025641026,59,4.256590614394078,0.039098316959981096,0.01586732511774749
GF_01033,Positive,0.6776426799007444,0.782258064516129,0.10461538461538461,124,196.19345914108948,1.4143059651307767e-44,0.01578794878385827
GF_01949,Positive,0.6076320939334638,0.7857142857142857,0.1780821917808219,84,119.08882619580956,1.0014315470136313e-27,0.015772171572387767
GF_00337,Positive,0.4111096611422854,0.436426116838488,0.02531645569620253,291,81.77778430934644,1.5228068442578901e-19,0.01573364141153743
GF_00580,Positive,0.7255260243632337,0.8476190476190476,0.12209302325581395,105,201.43207439655754,1.0170133313364757e-45,0.01570175084600671
GF_00666,Positive,0.7319340858697844,0.8264462809917356,0.09451219512195122,121,225.63801816166801,5.3291379098073906e-51,0.015681892222744305
GF_00217,Positive,0.7456068416119963,0.8762886597938144,0.13068181818181818,97,200.9965088836767,1.2658259380050578e-45,0.015664281050054
GF_00617,Negative,-0.06271186440677964,0.23728813559322035,0.3,59,0.6954763620820095,0.40430788970993725,0.01566167243896951
GF_01143,Positive,0.10263036455929858,0.38181818181818183,0.27918781725888325,55,1.9885285513636959,0.15849481730729514,0.01564315135430901
GF_01016,Positive,0.09929824561403511,0.38,0.2807017543859649,50,1.6668684773650964,0.19667850161901307,0.015618361320285204
GF_01659,Positive,0.34641441441441434,0.581081081081081,0.23466666666666666,74,34.23555392948761,4.882866450392109e-09,0.015586137799834086
GF_02394,Positive,0.17355836849507733,0.4444444444444444,0.2708860759493671,54,6.110705407878145,0.01343654909510751,0.015535707421613988
GF_00708,Positive,0.11961505190311422,0.36875,0.2491349480968858,160,6.563665451886312,0.010408176059629485,0.01551109118571437
GF_00644,Positive,0.5646819703491153,0.8048780487804879,0.24019607843137256,41,54.79072495034491,1.3407200994833555e-13,0.015238764266162795
GF_02434,Negative,-0.07728272827282728,0.2222222222222222,0.2995049504950495,45,0.8262015954764139,0.3633731819085737,0.015128979399765092
GF_00693,Positive,0.6758028792912514,0.8095238095238095,0.13372093023255813,105,174.54617018961204,7.521633324533391e-40,0.01508470697865121
GF_01136,Positive,0.29946617659928243,0.48717948717948717,0.18771331058020477,156,42.74365501747125,6.240396928093166e-11,0.014972468161393568
GF_00675,Positive,0.25315614617940196,0.4857142857142857,0.23255813953488372,105,23.740026717749977,1.102652750526242e-06,0.0149619848567307
GF_02077,Negative,-0.03441579458409755,0.2608695652173913,0.29528535980148884,46,0.09941137375734801,0.7525371551724973,0.01494953259497215
GF_02444,Positive,0.36408588158750815,0.4206896551724138,0.05660377358490566,290,64.12937793741645,1.1651117587020274e-15,0.014930998745648334
GF_00942,Negative,-0.05432202206395756,0.24675324675324675,0.3010752688172043,77,0.6671086959778458,0.414061466963599,0.014886791565108401
GF_00877,Positive,0.6964882943143812,0.8269230769230769,0.13043478260869565,104,184.24244659093105,5.743547829795687e-42,0.0148496708577636
GF_02179,Positive,0.3805194805194805,0.5714285714285714,0.19090909090909092,119,59.45852460474498,1.2489888570766558e-14,0.014661626003537778
GF_00588,Positive,0.5310199789695058,0.6666666666666666,0.13564668769716087,132,124.61846844312817,6.168428902598407e-29,0.014531419736597601
GF_00635,Positive,0.4125167417508827,0.5287958115183246,0.11627906976744186,191,88.39713726825568,5.354824776811573e-21,0.014460466702743008
GF_00200,Negative,-0.07408995616542785,0.22641509433962265,0.3005050505050505,53,0.9090894705412622,0.34035612443942537,0.014409910661133146
GF_00626,Negative,-0.057853426228062416,0.2413793103448276,0.29923273657289,58,0.5620846245993596,0.45342153298785903,0.014298371794230734
GF_02106,Positive,0.6012181616832779,0.7523809523809524,0.1511627906976744,105,137.82678952720505,7.951889915694265e-32,0.014146354074089056
GF_02021,Positive,0.015341156019122115,0.3050847457627119,0.28974358974358977,59,0.007734594714866262,0.9299191626203952,0.01413693505816304
GF_01759,Positive,0.5021325312022986,0.6283783783783784,0.12624584717607973,148,118.64555493821786,1.2521982297967282e-27,0.014107415630141444
GF_01361,Positive,0.2576623376623377,0.3485714285714286,0.09090909090909091,350,23.563106909960215,1.2088316970994525e-06,0.0139944163440332
GF_01122,Positive,0.4160306884716333,0.47244094488188976,0.05641025641025641,254,90.39655583079633,1.949051175292204e-21,0.013824000107652867
GF_01160,Positive,0.2781319227813192,0.4794520547945205,0.20132013201320131,146,35.5508801613999,2.4847474977039213e-09,0.013820801457353234
GF_00792,Positive,0.39787234042553193,0.5,0.10212765957446808,214,83.89120797404243,5.2276500625798066e-20,0.013797517806333365
GF_00646,Positive,0.5646819703491153,0.8048780487804879,0.24019607843137256,41,54.79072495034491,1.3407200994833555e-13,0.013797350791355982
GF_00679,Positive,0.32545454545454544,0.5454545454545454,0.22,99,37.9984370472002,7.080132577918133e-10,0.013785636247422088
GF_01156,Positive,0.13537604456824515,0.4,0.2646239554317549,90,5.743842267752509,0.016546557642641076,0.013778643215001178
GF_01743,Positive,0.3552867570385818,0.5085714285714286,0.15328467153284672,175,63.52903284020718,1.580206223590034e-15,0.013772824530551954
GF_00915,Positive,0.5370532915360502,0.6206896551724138,0.08363636363636363,174,146.16494365511414,1.1947640114486419e-33,0.013702903991726552
GF_01956,Positive,0.06722365038560407,0.35,0.2827763496143959,60,0.8347735632353425,0.36089582535893217,0.013636815970188431
GF_00731,Negative,-0.10086660476632622,0.2111111111111111,0.31197771587743733,90,3.0717456434280948,0.07966388568251397,0.013625403471773642
GF_00612,Positive,0.5725256338753271,0.656441717791411,0.08391608391608392,163,161.94013406343714,4.263515780612235e-37,0.013609990347742908
GF_02162,Positive,0.2909183015565995,0.38311688311688313,0.09219858156028368,308,38.2196462447223,6.321276522255685e-10,0.013583389793844344
GF_00225,Positive,0.5056446821152704,0.6363636363636364,0.13071895424836602,143,118.1512121230389,1.6066090287993032e-27,0.013573304960943102
GF_02076,Negative,-0.19794042435551873,0.1282051282051282,0.3261455525606469,78,11.281253405331988,0.0007829367817464263,0.01351603303910072
GF_00533,Positive,0.21043157666449797,0.4276729559748428,0.21724137931034482,159,21.000615909631648,4.591357477425703e-06,0.013468173775259199
GF_01817,Positive,0.7840858416945374,0.8942307692307693,0.11014492753623188,104,233.97447481132932,8.102283363609108e-53,0.013367618440317487
GF_02216,Positive,0.438597349244388,0.6062992125984252,0.16770186335403728,127,82.67972427476047,9.648591065854332e-20,0.0133498442183565
GF_00558,Positive,0.6035829865926954,0.7071428571428572,0.10355987055016182,140,166.95832573965953,3.4161180002492775e-38,0.013349385838024634
GF_01462,Positive,0.2937219730941704,0.2937219730941704,0.0,446,0.22871340646926305,0.6324794634634523,0.013307518647226601
GF_00587,Negative,-0.052521008403361324,0.25,0.3025210084033613,92,0.7388629361396033,0.39002536382656905,0.013294619421342834
GF_00011,Positive,0.6033724340175953,0.75,0.1466275659824047,108,141.6044680664383,1.1867723817356425e-32,0.01323575811530732
GF_01819,Positive,0.402719333068678,0.4890829694323144,0.08636363636363636,229,86.12841313895235,1.6862259210107886e-20,0.013218930062088333
GF_00687,Positive,0.41161745827984597,0.4421052631578947,0.03048780487804878,285,83.37369264064948,6.791987455165392e-20,0.013179168876871197
GF_00128,Positive,0.6117346938775511,0.8367346938775511,0.225,49,76.12242769628736,2.666119637631691e-18,0.01316374101803617
GF_00386,Positive,0.02636776614655345,0.3132530120481928,0.28688524590163933,83,0.1179199729399926,0.7313014881959239,0.013141172626990558
GF_00706,Negative,-0.07203819503126582,0.22950819672131148,0.3015463917525773,61,0.9981669551302492,0.3177544579483913,0.01312197890745522
GF_00721,Positive,0.7349493570046659,0.8613861386138614,0.12643678160919541,101,201.08592369134936,1.2102139965171565e-45,0.013040645161441369
GF_01184,Positive,0.7172858377085134,0.8780487804878049,0.16076294277929154,82,163.4298942595691,2.0151425960653984e-37,0.01302886122748014
GF_00389,Positive,0.6251071122536418,0.8333333333333334,0.20822622107969152,60,95.29904896028143,1.6369176845401883e-22,0.01299308861031343
GF_00380,Negative,-0.06312874942316568,0.23636363636363636,0.29949238578680204,55,0.6503712756563469,0.41997997010227284,0.012957796059731878
GF_00700,Positive,0.6073051948051948,0.8125,0.2051948051948052,64,95.03262482386923,1.8727330518215652e-22,0.012917326071057432
GF_01062,Positive,0.7515115556308979,0.8725490196078431,0.12103746397694524,102,211.82965023481958,5.478933528574987e-48,0.012860951458083124
GF_02449,Negative,-0.1568480465649528,0.15517241379310345,0.31202046035805625,58,5.278171417728792,0.0215944155894667,0.012687828257039832
GF_01935,Positive,0.45731707317073167,0.7073170731707317,0.25,41,35.526736135362924,2.5157371699310945e-09,0.012678413343415545
GF_00509,Positive,0.005157055789967169,0.2962962962962963,0.2911392405063291,54,0.0,1.0,0.012646095078862567
GF_00140,Positive,0.7151685393258427,0.8651685393258427,0.15,89,173.1830042388517,1.4928059809754898e-39,0.012612626122659445
GF_00332,Positive,0.5241564112743152,0.5590909090909091,0.034934497816593885,220,146.6601033195532,9.311827051115437e-34,0.012603581431998133
GF_02397,Positive,0.6468004134561173,0.7426470588235294,0.09584664536741214,136,188.82538167840244,5.737582294714596e-43,0.012587063446577909
GF_01654,Positive,0.4506008855154965,0.46236559139784944,0.011764705882352941,279,101.62788043657545,6.699567353602178e-24,0.012565283980966312
GF_00867,Positive,0.5163865546218487,0.5735294117647058,0.05714285714285714,204,141.15801463523138,1.4859010705082965e-32,0.012562109846881274
GF_01735,Positive,0.7258360378157189,0.8947368421052632,0.16890080428954424,76,157.47744131901203,4.025535309092484e-36,0.012518816403944415
GF_02068,Positive,0.6938056379821959,0.8125,0.11869436201780416,112,192.48328455598755,9.126446023188228e-44,0.012469073773687231
GF_00365,Positive,0.40736389342466844,0.4831932773109244,0.07582938388625593,238,87.85927417444628,7.028093748790676e-21,0.012413324416073299
GF_01931,Positive,0.4061285621761658,0.5233160621761658,0.1171875,193,85.88150643474225,1.9104714292153956e-20,0.0123982038159759
GF_00627,Negative,-0.13244179192455055,0.18055555555555555,0.3129973474801061,72,4.510895244327532,0.03367960836136595,0.012393592634025693
GF_02375,Positive,0.44431289464938517,0.46691176470588236,0.022598870056497175,272,100.30067524745546,1.309321424518518e-23,0.012393061358571392
GF_01812,Negative,-0.1707769423558897,0.14,0.3107769423558897,50,5.471946593462869,0.019324090489476208,0.012247448330535635
GF_01508,Negative,-0.14600830641439777,0.16363636363636364,0.3096446700507614,55,4.297698483074973,0.03816398673631166,0.012221897226562932
GF_02073,Positive,0.195592841163311,0.3566666666666667,0.1610738255033557,300,17.497123519947188,2.8774270100997672e-05,0.012174613843640525
GF_00910,Positive,0.6572397347045235,0.8450704225352113,0.18783068783068782,71,121.79228991881595,2.563155587238327e-28,0.012158332995932582
GF_00729,Negative,-0.024688497580063806,0.27350427350427353,0.29819277108433734,117,0.14969509842786277,0.698826903565152,0.012067532832180499
GF_01898,Positive,0.4717294900221729,0.6363636363636364,0.16463414634146342,121,92.92119435278136,5.441860881666816e-22,0.01205907354762435
GF_01224,Negative,-0.0031903190319031993,0.28888888888888886,0.29207920792079206,45,0.0,1.0,0.012050732218818874
GF_01701,Positive,0.6924641833810887,0.83,0.13753581661891118,100,177.03596010291056,2.1508969389649943e-40,0.011939405781793554
GF_00390,Positive,0.4529525032092426,0.5792682926829268,0.12631578947368421,164,101.17708188065635,8.41169690284491e-24,0.011871435964698559
GF_01028,Positive,0.49913653534808416,0.6697247706422018,0.17058823529411765,109,97.11492643049354,6.541787630997184e-23,0.011739420590590834
GF_00508,Negative,-0.018858124575492463,0.2815533980582524,0.3004115226337449,206,0.11146436030311208,0.738483102047248,0.011738294047253899
GF_00399,Negative,-0.1559775237357101,0.15384615384615385,0.30982367758186397,52,4.684817990582267,0.030430287186827575,0.011737869785088069
GF_00052,Positive,0.4607394701734324,0.6981132075471698,0.23737373737373738,53,45.817013234636164,1.29831051165221e-11,0.011600002308718334
GF_02519,Positive,0.24766958929395472,0.509090909090909,0.2614213197969543,55,13.153387503585519,0.0002869999114605617,0.011576691971183425
GF_01957,Positive,0.13590512540894217,0.4107142857142857,0.2748091603053435,56,3.748251272306077,0.05286278975612517,0.011528162230330376
GF_02157,Positive,0.7093075992743398,0.8099173553719008,0.10060975609756098,121,211.79793924262833,5.566909940495415e-48,0.01152396431563755
GF_01813,Positive,0.34146898852781205,0.5244755244755245,0.1830065359477124,143,53.35296386719053,2.7869043585555525e-13,0.011492808315367933
GF_01902,Positive,0.6284630120837017,0.8194444444444444,0.1909814323607427,72,112.53160747820164,2.7327355470597e-26,0.011478895173481796
GF_01182,Positive,0.4154912302220042,0.46387832699619774,0.04838709677419355,263,89.02109949295063,3.906239375250117e-21,0.011469290889360042
GF_00368,Positive,0.3984130849466293,0.46124031007751937,0.06282722513089005,258,82.39081445499778,1.1167156154929595e-19,0.011392170127706366
GF_00196,Positive,0.36838096765142103,0.4574898785425101,0.0891089108910891,247,71.20590824291219,3.2182295694035966e-17,0.01131356929257634
GF_00381,Negative,-0.16339359933499584,0.14583333333333334,0.3092269326683292,48,4.776136568887625,0.028856792179540392,0.011275242796017241
GF_02101,Negative,-0.16339359933499584,0.14583333333333334,0.3092269326683292,48,4.776136568887625,0.028856792179540392,0.011234839887985447
GF_01815,Negative,-0.088389712234997,0.21951219512195122,0.3079019073569482,82,2.1244390539884797,0.14496584515749378,0.011220463279366343
GF_02028,Positive,0.4763699041968974,0.5060728744939271,0.0297029702970297,247,119.7406619178224,7.209592007772825e-28,0.011172425661918601
GF_02371,Positive,0.3367724867724867,0.48677248677248675,0.15,189,58.45108129853648,2.0840902175516636e-14,0.011170863187201799
GF_00694,Positive,0.40945379984294566,0.4349315068493151,0.025477707006369428,292,80.87035494024936,2.4102238188630365e-19,0.01109663129849543
GF_01190,Positive,0.6861981981981983,0.8648648648648649,0.17866666666666667,74,137.5335925061602,9.217077176598074e-32,0.011021808779558183
GF_00394,Negative,-0.08582126317863825,0.21568627450980393,0.3015075376884422,51,1.2227905582901006,0.2688136982784882,0.010941171571066534
GF_00673,Positive,0.5686936936936937,0.6666666666666666,0.09797297297297297,153,155.125582062908,1.3144689091552997e-35,0.010914108841294864
GF_01953,Positive,0.5235368956743003,0.75,0.22646310432569974,56,62.507488260120795,2.6543347248585e-15,0.010848937438989426
GF_00296,Positive,0.09433542897059755,0.367816091954023,0.27348066298342544,87,2.581542676441571,0.10811624696741486,0.010848735620821013
GF_00957,Positive,0.5035258242805412,0.7358490566037735,0.23232323232323232,53,54.94294159125636,1.2408019169395436e-13,0.010819605336086864
GF_01721,Negative,-0.1358653697699552,0.17647058823529413,0.3123359580052493,68,4.518108633895526,0.03353788766903354,0.010740897668222777
GF_02515,Positive,0.5457559681697612,0.75,0.20424403183023873,72,84.51910614759771,3.8051982202430555e-20,0.010716040469946205
GF_01032,Positive,0.4515665479274611,0.5492227979274611,0.09765625,193,106.41539226926525,5.979151991061899e-25,0.0107094386293468
GF_00935,Positive,0.5452303158434236,0.7325581395348837,0.18732782369146006,86,97.40481764988974,5.65083737932594e-23,0.010696376654609966
GF_00320,Positive,0.000468164794007464,0.29213483146067415,0.2916666666666667,89,0.0,1.0,0.010687927004439114
GF_02118,Positive,0.6130017060249618,0.7027027027027027,0.08970099667774087,148,177.47177353820723,1.7276504515087923e-40,0.010639716973078396
GF_01609,Positive,0.7440799806693246,0.8817204301075269,0.13764044943820225,93,193.98508039527243,4.290621894966014e-44,0.010598021193315786
GF_02447,Negative,-0.022971652003910104,0.2727272727272727,0.2956989247311828,77,0.07071189303395212,0.7903030711865959,0.0105566912074987
GF_01276,Positive,0.4660616061606161,0.7111111111111111,0.24504950495049505,45,40.33703797221506,2.137186664382477e-10,0.010547484404046776
GF_00149,Positive,0.6194244604316547,0.7194244604316546,0.1,139,175.21224608187987,5.380935031443553e-40,0.010466380931845829
GF_00336,Positive,0.7033949498610608,0.8494623655913979,0.14606741573033707,93,173.16710935697026,1.5047855190539745e-39,0.010437939940540758
GF_00216,Positive,0.2560513447432763,0.525,0.26894865525672373,40,10.354794167235683,0.0012913886375564324,0.01041088303573169
GF_00139,Positive,0.598323640095792,0.7848101265822784,0.1864864864864865,79,109.90744712101623,1.0267441383177198e-25,0.0103471160701796
GF_00855,Positive,0.5416028071307575,0.5969387755102041,0.05533596837944664,196,154.16834285120078,2.1278422876899262e-35,0.010313224761996235
GF_00981,Positive,0.41951606675533054,0.44405594405594406,0.024539877300613498,286,86.41125755525718,1.461505853067637e-20,0.010307594808988985
GF_01958,Positive,0.7169717772692601,0.8985507246376812,0.18157894736842106,69,141.82392552044416,1.0626277775076401e-32,0.010231869164336431
GF_00983,Negative,-0.048490015952472654,0.25471698113207547,0.3032069970845481,106,0.7016862094366624,0.4022176828698535,0.010231561579711
GF_01761,Positive,0.4134961439588689,0.65,0.2365038560411311,60,41.03439336487388,1.4957378095239628e-10,0.010218478336466311
GF_00869,Positive,0.3578648767429782,0.4854368932038835,0.12757201646090535,206,67.37605003394106,2.2435791211652406e-16,0.010127236061208772
GF_00147,Positive,0.4665501350707135,0.5172413793103449,0.05069124423963134,232,115.86447995496586,5.0891129505051195e-27,0.0100844024377911
GF_00178,Positive,0.41639520101700306,0.5069124423963134,0.09051724137931035,217,92.07779033242315,8.333540952611516e-22,0.010080463893869967
GF_00104,Positive,0.4144463667820069,0.43944636678200694,0.025,289,83.61171257821452,6.021524708353218e-20,0.009941800802923437
GF_01605,Positive,0.030591722239864505,0.3191489361702128,0.2885572139303483,47,0.07128577091446897,0.7894738169878596,0.009861442316546159
GF_02435,Positive,0.030591722239864505,0.3191489361702128,0.2885572139303483,47,0.07128577091446897,0.7894738169878596,0.009798985882405365
GF_00364,Positive,0.7059498378036237,0.8939393939393939,0.18798955613577023,66,132.38588147317316,1.2318832820051545e-30,0.009764445507453886
GF_00986,Negative,-0.09490586932447398,0.21904761904761905,0.313953488372093,105,3.0623134397669016,0.08012751196340735,0.009640488678726846
GF_01043,Positive,0.5465367965367965,0.6666666666666666,0.12012987012987013,141,137.1834835993773,1.0994211993052917e-31,0.009602322929820729
GF_00823,Positive,0.4620245139475908,0.5798816568047337,0.11785714285714285,169,106.64917322088709,5.313818743718296e-25,0.009403297500077306
GF_00124,Positive,0.6141049671977508,0.7731958762886598,0.1590909090909091,97,135.8305937102466,2.173011838455738e-31,0.009393077947737733
GF_00857,Negative,-0.16455237404856835,0.16129032258064516,0.3258426966292135,93,8.882560555741662,0.0028790747016208106,0.009369946504287166
GF_00036,Positive,0.6298445114875841,0.7266187050359713,0.0967741935483871,139,181.2075694602217,2.640971267885835e-41,0.009345000107577344
GF_00898,Negative,-0.14708193041526377,0.1590909090909091,0.30617283950617286,44,3.473722265207594,0.0623508576061112,0.009344974850379918
GF_01637,Positive,0.5080246913580246,0.75,0.2419753086419753,44,47.142658333202675,6.600341832467108e-12,0.009344130844308195
GF_00384,Negative,-0.17342463301109917,0.14035087719298245,0.3137755102040816,57,6.428234454345451,0.01123201746545146,0.009250565424935261
GF_02206,Positive,0.5804263565891473,0.7054263565891473,0.125,129,147.09740332515324,7.472026776036424e-34,0.009230374819005965
GF_00074,Positive,0.7255260243632337,0.8476190476190476,0.12209302325581395,105,201.43207439655754,1.0170133313364757e-45,0.009210647716675308
GF_01031,Positive,0.7062032085561497,0.88,0.17379679144385027,75,147.38050367717128,6.479655727977768e-34,0.009210636221257179
GF_01922,Positive,0.7271572871572871,0.8585858585858586,0.13142857142857142,99,193.9697238499201,4.3238626915902523e-44,0.00915479915113098
GF_00172,Positive,0.3741277331029441,0.5975609756097561,0.22343324250681199,82,43.6087187205584,4.010483099599888e-11,0.009136590728988734
GF_00366,Positive,0.6277663321592344,0.8048780487804879,0.1771117166212534,82,124.80739790480393,5.608221630172715e-29,0.008991553535328612
GF_01158,Positive,0.3801899427736515,0.45348837209302323,0.07329842931937172,258,74.94301344924477,4.844986401182839e-18,0.0089394798827675
GF_00799,Positive,0.44589492926402796,0.5231481481481481,0.07725321888412018,216,105.70354076673698,8.563422454283913e-25,0.00890651595695023
GF_00854,Negative,-0.16339359933499584,0.14583333333333334,0.3092269326683292,48,4.776136568887625,0.028856792179540392,0.008905567723657613
GF_00184,Positive,0.5202084814025113,0.6567164179104478,0.1365079365079365,134,120.6123880108214,4.645878280454703e-28,0.008873357270589985
GF_00944,Negative,-0.2070498570974913,0.10638297872340426,0.31343283582089554,47,7.756897850440412,0.005350778522660417,0.008850006717951829
GF_01955,Positive,0.4499946056748301,0.6956521739130435,0.2456575682382134,46,38.31154287309367,6.030487901552112e-10,0.008763892439575737
GF_01001,Positive,0.6710765904176625,0.8118811881188119,0.14080459770114942,101,167.37320652982612,2.7727453152319957e-38,0.008762140297706096
GF_01503,Positive,0.2972935805049782,0.5188679245283019,0.22157434402332363,106,33.21151097943142,8.265976213777228e-09,0.008754558950105665
GF_01675,Positive,0.5662846020761245,0.65625,0.08996539792387544,160,157.0927728152144,4.885149612265005e-36,0.008713186991764805
GF_00800,Positive,0.6787623066104078,0.8888888888888888,0.21012658227848102,54,102.65972818858278,3.979524964157603e-24,0.008665163794112161
GF_00079,Positive,0.4111096611422854,0.436426116838488,0.02531645569620253,291,81.77778430934644,1.5228068442578901e-19,0.008637827037994402
GF_00040,Positive,0.7252905398066688,0.8425925925925926,0.11730205278592376,108,205.31417640131446,1.4462172901383763e-46,0.008629149813257965
GF_02052,Positive,0.6532780636554222,0.8679245283018868,0.21464646464646464,53,93.40613096838037,4.259293265614422e-22,0.008617837984079958
GF_00218,Positive,0.5522127329192547,0.6459627329192547,0.09375,161,149.73726922997605,1.9787309668099398e-34,0.008612970722112782
GF_01103,Positive,0.7285628019323671,0.8888888888888888,0.16032608695652173,81,167.02787606251246,3.298684777267572e-38,0.008488272586960572
GF_00199,Positive,0.7111700559976422,0.8888888888888888,0.17771883289124668,72,144.54665880162668,2.6981968501622498e-33,0.008462488926300674
GF_00643,Positive,0.4345358574433465,0.5066079295154186,0.07207207207207207,227,100.46786977089492,1.2033325022860035e-23,0.0084284603277965
GF_00201,Negative,-0.06271186440677964,0.23728813559322035,0.3,59,0.6954763620820095,0.40430788970993725,0.0083932809115315
GF_01022,Positive,0.749345892203035,0.8775510204081632,0.1282051282051282,98,204.57263264273712,2.0991136139900246e-46,0.008297746195094722
GF_01918,Positive,0.5290363893305069,0.6405228758169934,0.11148648648648649,153,134.06794661103498,5.279731151863267e-31,0.008265563288933
GF_00170,Negative,-0.16003108560497373,0.14634146341463414,0.30637254901960786,41,3.8754482112336754,0.04899722554942023,0.008255556255831327
GF_01770,Positive,0.6882828282828283,0.8282828282828283,0.14,99,173.6080814677851,1.2055151007966124e-39,0.008148168985088978
GF_00748,Positive,0.6547469151347268,0.8181818181818182,0.1634349030470914,88,143.63452638107174,4.2706779738476175e-33,0.0080671031256133
GF_01673,Positive,0.41138747377884327,0.6170212765957447,0.2056338028169014,94,58.89581233094266,1.6624565755827656e-14,0.007994199150907218
GF_00610,Positive,0.6488507689707621,0.8524590163934426,0.2036082474226804,61,104.28161055767303,1.755104445526796e-24,0.007979613053992215
GF_00896,Positive,0.42785121165904083,0.5595238095238095,0.13167259786476868,168,91.08370154121187,1.377214061318023e-21,0.007900795849594609
GF_00586,Negative,-0.11725019843019668,0.1896551724137931,0.3069053708439898,58,2.816843586418617,0.09327967220328104,0.007890521871182775
GF_01000,Positive,0.399534585138822,0.5124378109452736,0.11290322580645161,201,83.84125811517374,5.361414666943031e-20,0.007870666483141222
GF_00584,Positive,0.6108105153850358,0.7570093457943925,0.14619883040935672,107,144.21244515153626,3.19258984532237e-33,0.007800173064620444
GF_00945,Positive,0.06053524312099512,0.34285714285714286,0.28232189973614774,70,0.7753761778303636,0.37855900996295067,0.007788425317335843
GF_00903,Positive,0.4660616061606161,0.7111111111111111,0.24504950495049505,45,40.33703797221506,2.137186664382477e-10,0.0077743692482978265
GF_01157,Negative,-0.16114011570481163,0.15789473684210525,0.3190348525469169,76,7.173071386671203,0.007400596325931131,0.0077673822716336416
GF_01823,Positive,0.6620673742501153,0.8727272727272727,0.21065989847715735,55,99.20011619685008,2.2823365260155306e-23,0.007761340539849265
GF_02316,Negative,-0.21881790525858325,0.1016949152542373,0.32051282051282054,59,10.839562271455723,0.000993542168658274,0.007687787747192432
GF_00794,Negative,-0.13377151203403825,0.1839080459770115,0.31767955801104975,87,5.444265484187751,0.019632668510658716,0.007461566273685612
GF_00597,Negative,-0.08384863867097372,0.21818181818181817,0.3020304568527919,55,1.2613856792503562,0.26138896331878847,0.007415605966917642
GF_00984,Positive,0.3941954758856167,0.43661971830985913,0.04242424242424243,284,76.58652874637872,2.1077252468938524e-18,0.007371962558681464
GF_00754,Positive,0.6780872384320661,0.8611111111111112,0.1830238726790451,72,131.26033227311814,2.171733005350046e-30,0.007346812343157631
GF_00858,Negative,-0.1257644110275689,0.18,0.3057644110275689,50,2.8195990146401577,0.09311966382874469,0.00733119289618784
GF_01963,Positive,0.41643874760174715,0.5347593582887701,0.1183206106870229,187,89.57416858684073,2.9535550634378738e-21,0.007317718935579865
GF_01090,Positive,0.3684753030427971,0.44029850746268656,0.0718232044198895,268,69.2148639608966,8.830006206432161e-17,0.007315421022516499
GF_00615,Positive,0.6776426799007444,0.782258064516129,0.10461538461538461,124,196.19345914108948,1.4143059651307767e-44,0.007298917432909433
GF_01907,Positive,0.1279985678481919,0.40350877192982454,0.2755102040816326,57,3.3505263963325427,0.06718352605568671,0.007238033539952542
GF_00173,Positive,0.6233325996037861,0.7012987012987013,0.07796610169491526,154,187.2478699097037,1.2678974189040177e-42,0.007229705980616866
GF_00793,Negative,-0.09548313321898227,0.20754716981132076,0.30303030303030304,53,1.6261958728124428,0.20223002120342756,0.007155410076653061
GF_00382,Positive,0.5804597701149425,0.6666666666666666,0.08620689655172414,159,164.65351401926995,1.088928960915132e-37,0.007123412633197456
GF_00628,Positive,0.7252905398066688,0.8425925925925926,0.11730205278592376,108,205.31417640131446,1.4462172901383763e-46,0.007050030370994233
GF_00114,Positive,0.04213483146067415,0.29213483146067415,0.25,445,0.0,1.0,0.0070416172895783995
GF_00058,Positive,0.6985208394054211,0.8767123287671232,0.17819148936170212,73,140.98953963384744,1.6174451025052127e-32,0.007038432715552003
GF_02466,Positive,0.6510613042871107,0.8311688311688312,0.18010752688172044,77,127.73375581203422,1.2835674066711852e-29,0.006954082458642334
GF_01135,Positive,0.445080676061135,0.572289156626506,0.127208480565371,166,98.16201312071388,3.8551488244194005e-23,0.006953763808900469
GF_01880,Positive,0.7468276075518415,0.8888888888888888,0.14206128133704735,90,190.6367523013032,2.3085695552710754e-43,0.0068937151696119164
GF_00071,Positive,0.5849754230284049,0.6708860759493671,0.0859106529209622,158,166.7603244615948,3.7738355380627633e-38,0.006810207316487442
GF_00591,Positive,0.6394486215538847,0.86,0.22055137844611528,50,84.85558891738202,3.209722369355155e-20,0.006730112116284233
GF_00659,Positive,0.644632768361582,0.8,0.1553672316384181,95,147.52236068474232,6.033119221989468e-34,0.006707772253785505
GF_00357,Positive,0.36601433830652974,0.6153846153846154,0.24937027707808565,52,28.0633655120358,1.1740744332799721e-07,0.006622579619990108
GF_01088,Negative,-0.13323487289652702,0.17543859649122806,0.3086734693877551,57,3.654615215013058,0.055914069238933016,0.006596878597532663
GF_00870,Negative,-0.06897888006200348,0.23076923076923078,0.29974811083123426,52,0.7511982708446762,0.3860971161312833,0.006582345736428206
GF_02377,Positive,0.4182387329491273,0.4575645756457565,0.03932584269662921,271,88.93366723744685,4.0827553439789286e-21,0.006575979883396743
GF_01951,Positive,0.3864052614052614,0.4432234432234432,0.056818181818181816,273,75.46443256113855,3.720487697181721e-18,0.006574681438731266
GF_02113,Positive,0.45694796001544463,0.5828220858895705,0.1258741258741259,163,102.71467202983362,3.870671395842759e-24,0.00651144479436095
GF_00862,Negative,-0.03130360205831906,0.2641509433962264,0.29545454545454547,53,0.09606144018493304,0.7566082565827008,0.006443754119123024
GF_02494,Positive,0.7430187459599225,0.8941176470588236,0.1510989010989011,85,180.52769945941907,3.7170895919234985e-41,0.00630059959637011
GF_00388,Negative,-0.09843476295417303,0.21568627450980393,0.31412103746397696,102,3.2353424018044215,0.07206523770934464,0.0062230631686007115
GF_00150,Positive,0.33908690594882024,0.4971751412429379,0.15808823529411764,177,58.034264054266245,2.5759176705406542e-14,0.0062169860644868446
GF_00133,Positive,0.6528835280814173,0.8428571428571429,0.18997361477572558,70,118.74766991888629,1.1893654258807629e-27,0.006202766115687226
GF_02159,Positive,0.43826761473820297,0.6470588235294118,0.2087912087912088,85,61.95070078306088,3.52164454756984e-15,0.006187807427887339
GF_01221,Positive,0.41037342751696493,0.49557522123893805,0.08520179372197309,226,89.50344318052538,3.061052561076656e-21,0.006152574482422367
GF_00993,Positive,0.39027777777777783,0.6125,0.2222222222222222,80,46.59286172194548,8.73779694924107e-12,0.005972018359904925
GF_00187,Positive,0.6284255898366606,0.7172413793103448,0.08881578947368421,145,184.59892223476317,4.801282259978389e-42,0.005950693523340906
GF_00598,Negative,-0.0893028846153846,0.2153846153846154,0.3046875,65,1.7350638666015614,0.18776548481233044,0.005842122669955134
GF_01233,Negative,-0.21051344743276282,0.1,0.3105134474327628,40,6.82875426682882,0.008970180616571656,0.005827296348501865
GF_02446,Negative,-0.08514610389610389,0.21875,0.3038961038961039,64,1.5353755369266158,0.2153074619096406,0.005804710164116233
GF_01741,Positive,0.6435716156061796,0.7719298245614035,0.12835820895522387,114,167.38673477563302,2.7539434113579376e-38,0.0057924921648719934
GF_00634,Positive,0.38963928174161766,0.4930875576036866,0.10344827586206896,217,80.50502992160108,2.899658659397997e-19,0.005777623550260325
GF_00106,Negative,-0.1830684596577017,0.125,0.3080684596577017,40,5.056860055131076,0.02452863975638627,0.005718697217210144
GF_01789,Positive,0.6255452562704471,0.8392857142857143,0.21374045801526717,56,89.8183425274049,2.6106265459476365e-21,0.005700176078943881
GF_01923,Positive,0.7551050519357885,0.8854166666666666,0.13031161473087818,96,204.6230709842109,2.046587783851698e-46,0.005455254172385927
GF_02518,Positive,0.5866323907455013,0.8,0.2133676092544987,60,83.75698624105587,5.59489898466392e-20,0.005352605300177609
GF_01967,Positive,0.4937335759045886,0.5721649484536082,0.0784313725490196,194,127.60118066340695,1.3722369248363156e-29,0.005051636753287263
GF_01919,Positive,0.6941583180471286,0.868421052631579,0.1742627345844504,76,143.88681516582312,3.761292093426606e-33,0.004977113084391526
GF_00202,Positive,0.5999077065066913,0.8181818181818182,0.2182741116751269,55,81.1792111224294,2.0614919427060809e-19,0.0047792684889556925
GF_00375,Negative,-0.1170227621840525,0.19480519480519481,0.3118279569892473,77,3.680517584733452,0.05505175806492174,0.004752667161967383
GF_00594,Negative,-0.2109233006179571,0.10714285714285714,0.31806615776081426,56,9.556975316787376,0.001991910497486394,0.004697717508855874
GF_02096,Negative,-0.18328569916375567,0.1276595744680851,0.31094527363184077,47,5.982901007715734,0.014445222836342862,0.004123541132702819
GF_02438,Negative,-0.16339359933499584,0.14583333333333334,0.3092269326683292,48,4.776136568887625,0.028856792179540392,0.004091512704006212
GF_00916,Positive,0.5343537414965986,0.5833333333333334,0.04897959183673469,204,151.24103316791212,9.28339053896066e-35,0.003946637416587634
GF_00975,Positive,0.7365720150530277,0.8987341772151899,0.16216216216216217,79,167.37961765544327,2.7638190183497726e-38,0.00385978738799813
GF_00405,Negative,-0.07765235029544049,0.22413793103448276,0.30179028132992325,58,1.1220399071863114,0.2894796328345603,0.003501570418942486
GF_00603,Negative,-0.11853481550100359,0.19117647058823528,0.30971128608923887,68,3.3708266069226602,0.06636045165720778,0.0033764712920986988
GF_00356,Negative,-0.16339359933499584,0.14583333333333334,0.3092269326683292,48,4.776136568887625,0.028856792179540392,0.00314953975428856
GF_02458,Positive,0.2930648769574944,0.2930648769574944,0.0,447,0.016954029793901832,0.8964021493464495,0.0028117856919068662
GF_00873,Positive,0.42581090407177363,0.4444444444444444,0.018633540372670808,288,88.56598136814631,4.9167229989560136e-21,0.002530423628186771
GF_01020,Positive,0.3941954758856167,0.43661971830985913,0.04242424242424243,284,76.58652874637872,2.1077252468938524e-18,0.0018664630745613055
GF_00360,Positive,0.2924107142857143,0.2924107142857143,0.0,448,0.0,1.0,0.0013535649957645
GF_00207,Positive,0.2924107142857143,0.2924107142857143,0.0,448,0.0,1.0,0.0013288386656846666
GF_02181,Positive,0.29175946547884185,0.29175946547884185,0.0,449,0.0,1.0,0.0
