gene_family,total_genomes,diazotroph_count,diazotroph_pct,is_pure
GF_00000,119,38,0.31932773109243695,False
GF_00001,99,81,0.8181818181818182,False
GF_00002,53,52,0.9811320754716981,True
GF_00003,88,80,0.9090909090909091,True
GF_00004,41,40,0.975609756097561,True
GF_00005,44,44,1.0,True
GF_00006,46,45,0.9782608695652174,True
GF_00007,59,58,0.9830508474576272,True
GF_00008,69,67,0.9710144927536232,True
GF_00009,66,64,0.9696969696969697,True
GF_00010,86,82,0.9534883720930233,True
GF_00011,108,81,0.75,False
GF_00012,42,42,1.0,True
GF_00013,63,61,0.9682539682539683,True
GF_00014,47,46,0.9787234042553191,True
GF_00015,50,49,0.98,True
GF_00016,83,81,0.9759036144578314,True
GF_00017,64,61,0.953125,True
GF_00018,75,73,0.9733333333333334,True
GF_00019,40,40,1.0,True
GF_00020,77,75,0.974025974025974,True
GF_00021,51,50,0.9803921568627451,True
GF_00022,58,57,0.9827586206896551,True
GF_00023,47,44,0.9361702127659575,True
GF_00024,81,79,0.9753086419753086,True
GF_00025,49,48,0.9795918367346939,True
GF_00026,46,45,0.9782608695652174,True
GF_00027,78,76,0.9743589743589743,True
GF_00028,115,83,0.7217391304347827,False
GF_00029,44,43,0.9772727272727273,True
GF_00030,59,57,0.9661016949152542,True
GF_00031,48,47,0.9791666666666666,True
GF_00032,73,70,0.958904109589041,True
GF_00033,74,72,0.972972972972973,True
GF_00034,166,108,0.6506024096385542,False
GF_00035,64,62,0.96875,True
GF_00036,139,101,0.7266187050359713,False
GF_00037,59,58,0.9830508474576272,True
GF_00038,54,53,0.9814814814814815,True
GF_00039,66,64,0.9696969696969697,True
GF_00040,108,91,0.8425925925925926,False
GF_00041,80,78,0.975,True
GF_00042,54,54,1.0,True
GF_00043,84,82,0.9761904761904762,True
GF_00044,59,58,0.9830508474576272,True
GF_00045,59,58,0.9830508474576272,True
GF_00046,83,81,0.9759036144578314,True
GF_00047,47,45,0.9574468085106383,True
GF_00048,72,70,0.9722222222222222,True
GF_00049,88,84,0.9545454545454546,True
GF_00050,58,57,0.9827586206896551,True
GF_00051,87,83,0.9540229885057471,True
GF_00052,53,37,0.6981132075471698,False
GF_00053,52,52,1.0,True
GF_00054,82,80,0.975609756097561,True
GF_00055,67,65,0.9701492537313433,True
GF_00056,83,79,0.9518072289156626,True
GF_00057,66,63,0.9545454545454546,True
GF_00058,73,64,0.8767123287671232,False
GF_00059,62,60,0.967741935483871,True
GF_00060,71,69,0.971830985915493,True
GF_00061,41,40,0.975609756097561,True
GF_00062,58,57,0.9827586206896551,True
GF_00063,43,41,0.9534883720930233,True
GF_00064,41,39,0.9512195121951219,True
GF_00065,53,52,0.9811320754716981,True
GF_00066,140,96,0.6857142857142857,False
GF_00067,61,59,0.9672131147540983,True
GF_00068,56,54,0.9642857142857143,True
GF_00069,52,51,0.9807692307692307,True
GF_00070,43,42,0.9767441860465116,True
GF_00071,158,106,0.6708860759493671,False
GF_00072,84,81,0.9642857142857143,True
GF_00073,65,61,0.9384615384615385,True
GF_00074,105,89,0.8476190476190476,False
GF_00075,45,43,0.9555555555555556,True
GF_00076,56,55,0.9821428571428571,True
GF_00077,80,67,0.8375,False
GF_00078,41,40,0.975609756097561,True
GF_00079,291,127,0.436426116838488,False
GF_00080,84,82,0.9761904761904762,True
GF_00081,96,87,0.90625,True
GF_00082,56,54,0.9642857142857143,True
GF_00083,80,78,0.975,True
GF_00084,43,41,0.9534883720930233,True
GF_00085,59,58,0.9830508474576272,True
GF_00086,83,80,0.963855421686747,True
GF_00087,73,71,0.9726027397260274,True
GF_00088,56,54,0.9642857142857143,True
GF_00089,69,67,0.9710144927536232,True
GF_00090,70,68,0.9714285714285714,True
GF_00091,46,45,0.9782608695652174,True
GF_00092,41,37,0.9024390243902439,True
GF_00093,76,73,0.9605263157894737,True
GF_00094,68,66,0.9705882352941176,True
GF_00095,75,73,0.9733333333333334,True
GF_00096,76,72,0.9473684210526315,True
GF_00097,69,67,0.9710144927536232,True
GF_00098,85,81,0.9529411764705882,True
GF_00099,49,26,0.5306122448979592,False
GF_00100,70,68,0.9714285714285714,True
GF_00101,70,68,0.9714285714285714,True
GF_00102,42,41,0.9761904761904762,True
GF_00103,204,112,0.5490196078431373,False
GF_00104,289,127,0.43944636678200694,False
GF_00105,165,22,0.13333333333333333,False
GF_00106,40,5,0.125,False
GF_00107,41,5,0.12195121951219512,False
GF_00108,138,92,0.6666666666666666,False
GF_00109,43,2,0.046511627906976744,True
GF_00110,44,44,1.0,True
GF_00111,54,53,0.9814814814814815,True
GF_00112,168,107,0.6369047619047619,False
GF_00113,78,76,0.9743589743589743,True
GF_00114,445,130,0.29213483146067415,False
GF_00115,74,72,0.972972972972973,True
GF_00116,60,59,0.9833333333333333,True
GF_00117,87,83,0.9540229885057471,True
GF_00118,93,89,0.956989247311828,True
GF_00119,45,45,1.0,True
GF_00120,99,88,0.8888888888888888,False
GF_00121,56,55,0.9821428571428571,True
GF_00122,66,63,0.9545454545454546,True
GF_00123,145,100,0.6896551724137931,False
GF_00124,97,75,0.7731958762886598,False
GF_00125,88,84,0.9545454545454546,True
GF_00126,59,58,0.9830508474576272,True
GF_00127,51,50,0.9803921568627451,True
GF_00128,49,41,0.8367346938775511,False
GF_00129,71,69,0.971830985915493,True
GF_00130,56,55,0.9821428571428571,True
GF_00131,85,81,0.9529411764705882,True
GF_00132,54,53,0.9814814814814815,True
GF_00133,70,59,0.8428571428571429,False
GF_00134,63,3,0.047619047619047616,True
GF_00135,77,75,0.974025974025974,True
GF_00136,129,95,0.7364341085271318,False
GF_00137,119,102,0.8571428571428571,False
GF_00138,84,82,0.9761904761904762,True
GF_00139,79,62,0.7848101265822784,False
GF_00140,89,77,0.8651685393258427,False
GF_00141,86,84,0.9767441860465116,True
GF_00142,80,76,0.95,True
GF_00143,119,50,0.42016806722689076,False
GF_00144,87,84,0.9655172413793104,True
GF_00145,108,22,0.2037037037037037,False
GF_00146,41,16,0.3902439024390244,False
GF_00147,232,120,0.5172413793103449,False
GF_00148,122,39,0.319672131147541,False
GF_00149,139,100,0.7194244604316546,False
GF_00150,177,88,0.4971751412429379,False
GF_00151,63,62,0.9841269841269841,True
GF_00152,44,43,0.9772727272727273,True
GF_00153,78,76,0.9743589743589743,True
GF_00154,56,55,0.9821428571428571,True
GF_00155,98,89,0.9081632653061225,True
GF_00156,42,41,0.9761904761904762,True
GF_00157,44,43,0.9772727272727273,True
GF_00158,47,46,0.9787234042553191,True
GF_00159,43,42,0.9767441860465116,True
GF_00160,44,43,0.9772727272727273,True
GF_00161,71,69,0.971830985915493,True
GF_00162,70,68,0.9714285714285714,True
GF_00163,84,82,0.9761904761904762,True
GF_00164,78,76,0.9743589743589743,True
GF_00165,46,45,0.9782608695652174,True
GF_00166,49,48,0.9795918367346939,True
GF_00167,48,47,0.9791666666666666,True
GF_00168,47,46,0.9787234042553191,True
GF_00169,53,52,0.9811320754716981,True
GF_00170,41,6,0.14634146341463414,False
GF_00171,91,85,0.9340659340659341,True
GF_00172,82,49,0.5975609756097561,False
GF_00173,154,108,0.7012987012987013,False
GF_00174,108,19,0.17592592592592593,False
GF_00175,59,49,0.8305084745762712,False
GF_00176,108,72,0.6666666666666666,False
GF_00177,175,106,0.6057142857142858,False
GF_00178,217,110,0.5069124423963134,False
GF_00179,91,85,0.9340659340659341,True
GF_00180,103,102,0.9902912621359223,True
GF_00181,43,12,0.27906976744186046,False
GF_00182,43,13,0.3023255813953488,False
GF_00183,61,13,0.21311475409836064,False
GF_00184,134,88,0.6567164179104478,False
GF_00185,62,25,0.4032258064516129,False
GF_00186,74,50,0.6756756756756757,False
GF_00187,145,104,0.7172413793103448,False
GF_00188,86,82,0.9534883720930233,True
GF_00189,72,70,0.9722222222222222,True
GF_00190,56,55,0.9821428571428571,True
GF_00191,70,68,0.9714285714285714,True
GF_00192,40,39,0.975,True
GF_00193,43,42,0.9767441860465116,True
GF_00194,63,61,0.9682539682539683,True
GF_00195,64,63,0.984375,True
GF_00196,247,113,0.4574898785425101,False
GF_00197,51,50,0.9803921568627451,True
GF_00198,45,44,0.9777777777777777,True
GF_00199,72,64,0.8888888888888888,False
GF_00200,53,12,0.22641509433962265,False
GF_00201,59,14,0.23728813559322035,False
GF_00202,55,45,0.8181818181818182,False
GF_00203,63,62,0.9841269841269841,True
GF_00204,70,68,0.9714285714285714,True
GF_00205,45,43,0.9555555555555556,True
GF_00206,115,89,0.7739130434782608,False
GF_00207,448,131,0.2924107142857143,False
GF_00208,100,86,0.86,False
GF_00209,54,45,0.8333333333333334,False
GF_00210,130,32,0.24615384615384617,False
GF_00211,42,27,0.6428571428571429,False
GF_00212,126,102,0.8095238095238095,False
GF_00213,111,41,0.36936936936936937,False
GF_00214,44,43,0.9772727272727273,True
GF_00215,61,58,0.9508196721311475,True
GF_00216,40,21,0.525,False
GF_00217,97,85,0.8762886597938144,False
GF_00218,161,104,0.6459627329192547,False
GF_00219,45,4,0.08888888888888889,True
GF_00220,50,6,0.12,False
GF_00221,63,50,0.7936507936507936,False
GF_00222,79,76,0.9620253164556962,True
GF_00223,54,53,0.9814814814814815,True
GF_00224,242,122,0.5041322314049587,False
GF_00225,143,91,0.6363636363636364,False
GF_00226,72,70,0.9722222222222222,True
GF_00227,58,56,0.9655172413793104,True
GF_00228,78,76,0.9743589743589743,True
GF_00229,46,45,0.9782608695652174,True
GF_00230,77,75,0.974025974025974,True
GF_00231,47,10,0.2127659574468085,False
GF_00232,84,79,0.9404761904761905,True
GF_00233,41,41,1.0,True
GF_00234,74,72,0.972972972972973,True
GF_00235,71,69,0.971830985915493,True
GF_00236,44,43,0.9772727272727273,True
GF_00237,145,81,0.5586206896551724,False
GF_00238,138,94,0.6811594202898551,False
GF_00239,111,89,0.8018018018018018,False
GF_00240,95,85,0.8947368421052632,False
GF_00241,79,70,0.8860759493670886,False
GF_00242,47,46,0.9787234042553191,True
GF_00243,41,40,0.975609756097561,True
GF_00244,43,43,1.0,True
GF_00245,41,40,0.975609756097561,True
GF_00246,70,67,0.9571428571428572,True
GF_00247,47,46,0.9787234042553191,True
GF_00248,48,47,0.9791666666666666,True
GF_00249,47,46,0.9787234042553191,True
GF_00250,71,69,0.971830985915493,True
GF_00251,65,63,0.9692307692307692,True
GF_00252,66,65,0.9848484848484849,True
GF_00253,47,46,0.9787234042553191,True
GF_00254,50,49,0.98,True
GF_00255,53,52,0.9811320754716981,True
GF_00256,49,48,0.9795918367346939,True
GF_00257,41,40,0.975609756097561,True
GF_00258,52,51,0.9807692307692307,True
GF_00259,42,42,1.0,True
GF_00260,83,81,0.9759036144578314,True
GF_00261,51,51,1.0,True
GF_00262,48,47,0.9791666666666666,True
GF_00263,48,47,0.9791666666666666,True
GF_00264,54,53,0.9814814814814815,True
GF_00265,123,96,0.7804878048780488,False
GF_00266,57,51,0.8947368421052632,False
GF_00267,76,74,0.9736842105263158,True
GF_00268,60,59,0.9833333333333333,True
GF_00269,55,54,0.9818181818181818,True
GF_00270,70,68,0.9714285714285714,True
GF_00271,71,69,0.971830985915493,True
GF_00272,46,45,0.9782608695652174,True
GF_00273,44,43,0.9772727272727273,True
GF_00274,99,87,0.8787878787878788,False
GF_00275,49,49,1.0,True
GF_00276,50,49,0.98,True
GF_00277,48,47,0.9791666666666666,True
GF_00278,49,47,0.9591836734693877,True
GF_00279,44,43,0.9772727272727273,True
GF_00280,73,71,0.9726027397260274,True
GF_00281,76,74,0.9736842105263158,True
GF_00282,53,52,0.9811320754716981,True
GF_00283,58,57,0.9827586206896551,True
GF_00284,295,124,0.42033898305084744,False
GF_00285,51,49,0.9607843137254902,True
GF_00286,54,53,0.9814814814814815,True
GF_00287,93,86,0.9247311827956989,True
GF_00288,41,41,1.0,True
GF_00289,44,42,0.9545454545454546,True
GF_00290,55,54,0.9818181818181818,True
GF_00291,61,59,0.9672131147540983,True
GF_00292,41,1,0.024390243902439025,True
GF_00293,161,0,0.0,True
GF_00294,46,22,0.4782608695652174,False
GF_00295,61,56,0.9180327868852459,True
GF_00296,87,32,0.367816091954023,False
GF_00297,297,126,0.42424242424242425,False
GF_00298,147,0,0.0,True
GF_00299,72,0,0.0,True
GF_00300,46,0,0.0,True
GF_00301,53,0,0.0,True
GF_00302,89,0,0.0,True
GF_00303,103,0,0.0,True
GF_00304,69,0,0.0,True
GF_00305,64,0,0.0,True
GF_00306,71,0,0.0,True
GF_00307,41,0,0.0,True
GF_00308,52,0,0.0,True
GF_00309,43,0,0.0,True
GF_00310,44,0,0.0,True
GF_00311,42,0,0.0,True
GF_00312,57,0,0.0,True
GF_00313,101,0,0.0,True
GF_00314,52,0,0.0,True
GF_00315,55,0,0.0,True
GF_00316,40,0,0.0,True
GF_00317,69,0,0.0,True
GF_00318,153,2,0.013071895424836602,True
GF_00319,144,0,0.0,True
GF_00320,89,26,0.29213483146067415,False
GF_00321,83,0,0.0,True
GF_00322,45,0,0.0,True
GF_00323,92,0,0.0,True
GF_00324,75,0,0.0,True
GF_00325,73,0,0.0,True
GF_00326,162,0,0.0,True
GF_00327,99,0,0.0,True
GF_00328,147,0,0.0,True
GF_00329,82,0,0.0,True
GF_00330,209,111,0.5311004784688995,False
GF_00331,195,101,0.517948717948718,False
GF_00332,220,123,0.5590909090909091,False
GF_00333,255,125,0.49019607843137253,False
GF_00334,40,12,0.3,False
GF_00335,225,97,0.4311111111111111,False
GF_00336,93,79,0.8494623655913979,False
GF_00337,291,127,0.436426116838488,False
GF_00338,62,0,0.0,True
GF_00339,40,0,0.0,True
GF_00340,42,0,0.0,True
GF_00341,62,0,0.0,True
GF_00342,44,0,0.0,True
GF_00343,75,0,0.0,True
GF_00344,104,0,0.0,True
GF_00345,40,0,0.0,True
GF_00346,119,0,0.0,True
GF_00347,71,0,0.0,True
GF_00348,44,0,0.0,True
GF_00349,62,0,0.0,True
GF_00350,43,0,0.0,True
GF_00351,57,0,0.0,True
GF_00352,64,16,0.25,False
GF_00353,52,7,0.1346153846153846,False
GF_00354,52,13,0.25,False
GF_00355,40,17,0.425,False
GF_00356,48,7,0.14583333333333334,False
GF_00357,52,32,0.6153846153846154,False
GF_00358,48,13,0.2708333333333333,False
GF_00359,80,76,0.95,True
GF_00360,448,131,0.2924107142857143,False
GF_00361,147,0,0.0,True
GF_00362,52,0,0.0,True
GF_00363,44,4,0.09090909090909091,True
GF_00364,66,59,0.8939393939393939,False
GF_00365,238,115,0.4831932773109244,False
GF_00366,82,66,0.8048780487804879,False
GF_00367,63,14,0.2222222222222222,False
GF_00368,258,119,0.46124031007751937,False
GF_00369,55,54,0.9818181818181818,True
GF_00370,59,57,0.9661016949152542,True
GF_00371,68,66,0.9705882352941176,True
GF_00372,40,40,1.0,True
GF_00373,50,48,0.96,True
GF_00374,87,83,0.9540229885057471,True
GF_00375,77,15,0.19480519480519481,False
GF_00376,126,51,0.40476190476190477,False
GF_00377,125,97,0.776,False
GF_00378,41,11,0.2682926829268293,False
GF_00379,61,13,0.21311475409836064,False
GF_00380,55,13,0.23636363636363636,False
GF_00381,48,7,0.14583333333333334,False
GF_00382,159,106,0.6666666666666666,False
GF_00383,44,3,0.06818181818181818,True
GF_00384,57,8,0.14035087719298245,False
GF_00385,49,5,0.10204081632653061,False
GF_00386,83,26,0.3132530120481928,False
GF_00387,102,89,0.8725490196078431,False
GF_00388,102,22,0.21568627450980393,False
GF_00389,60,50,0.8333333333333334,False
GF_00390,164,95,0.5792682926829268,False
GF_00391,54,13,0.24074074074074073,False
GF_00392,217,110,0.5069124423963134,False
GF_00393,53,21,0.39622641509433965,False
GF_00394,51,11,0.21568627450980393,False
GF_00395,88,27,0.3068181818181818,False
GF_00396,92,32,0.34782608695652173,False
GF_00397,120,101,0.8416666666666667,False
GF_00398,45,15,0.3333333333333333,False
GF_00399,52,8,0.15384615384615385,False
GF_00400,63,42,0.6666666666666666,False
GF_00401,43,14,0.32558139534883723,False
GF_00402,241,126,0.5228215767634855,False
GF_00403,47,40,0.851063829787234,False
GF_00404,57,14,0.24561403508771928,False
GF_00405,58,13,0.22413793103448276,False
GF_00406,51,15,0.29411764705882354,False
GF_00407,251,115,0.4581673306772908,False
GF_00408,290,128,0.4413793103448276,False
GF_00409,50,0,0.0,True
GF_00410,95,0,0.0,True
GF_00411,142,0,0.0,True
GF_00412,71,0,0.0,True
GF_00413,41,0,0.0,True
GF_00414,93,0,0.0,True
GF_00415,44,0,0.0,True
GF_00416,51,0,0.0,True
GF_00417,56,0,0.0,True
GF_00418,145,0,0.0,True
GF_00419,147,0,0.0,True
GF_00420,77,0,0.0,True
GF_00421,49,0,0.0,True
GF_00422,70,0,0.0,True
GF_00423,54,0,0.0,True
GF_00424,56,0,0.0,True
GF_00425,42,0,0.0,True
GF_00426,71,69,0.971830985915493,True
GF_00427,51,51,1.0,True
GF_00428,63,62,0.9841269841269841,True
GF_00429,72,70,0.9722222222222222,True
GF_00430,42,40,0.9523809523809523,True
GF_00431,206,118,0.5728155339805825,False
GF_00432,87,82,0.9425287356321839,True
GF_00433,40,40,1.0,True
GF_00434,47,46,0.9787234042553191,True
GF_00435,145,94,0.6482758620689655,False
GF_00436,57,55,0.9649122807017544,True
GF_00437,82,82,1.0,True
GF_00438,79,77,0.9746835443037974,True
GF_00439,88,78,0.8863636363636364,False
GF_00440,47,47,1.0,True
GF_00441,61,57,0.9344262295081968,True
GF_00442,47,46,0.9787234042553191,True
GF_00443,71,69,0.971830985915493,True
GF_00444,70,68,0.9714285714285714,True
GF_00445,41,39,0.9512195121951219,True
GF_00446,50,49,0.98,True
GF_00447,43,42,0.9767441860465116,True
GF_00448,63,61,0.9682539682539683,True
GF_00449,56,5,0.08928571428571429,True
GF_00450,40,18,0.45,False
GF_00451,146,52,0.3561643835616438,False
GF_00452,79,77,0.9746835443037974,True
GF_00453,50,49,0.98,True
GF_00454,44,33,0.75,False
GF_00455,69,67,0.9710144927536232,True
GF_00456,71,69,0.971830985915493,True
GF_00457,113,90,0.7964601769911505,False
GF_00458,79,77,0.9746835443037974,True
GF_00459,92,0,0.0,True
GF_00460,77,0,0.0,True
GF_00461,68,0,0.0,True
GF_00462,77,0,0.0,True
GF_00463,79,0,0.0,True
GF_00464,73,0,0.0,True
GF_00465,120,0,0.0,True
GF_00466,93,0,0.0,True
GF_00467,147,0,0.0,True
GF_00468,91,0,0.0,True
GF_00469,44,0,0.0,True
GF_00470,93,0,0.0,True
GF_00471,73,71,0.9726027397260274,True
GF_00472,65,63,0.9692307692307692,True
GF_00473,51,49,0.9607843137254902,True
GF_00474,55,53,0.9636363636363636,True
GF_00475,84,82,0.9761904761904762,True
GF_00476,80,75,0.9375,True
GF_00477,51,49,0.9607843137254902,True
GF_00478,45,43,0.9555555555555556,True
GF_00479,71,69,0.971830985915493,True
GF_00480,54,53,0.9814814814814815,True
GF_00481,46,45,0.9782608695652174,True
GF_00482,46,45,0.9782608695652174,True
GF_00483,47,46,0.9787234042553191,True
GF_00484,67,65,0.9701492537313433,True
GF_00485,79,77,0.9746835443037974,True
GF_00486,42,41,0.9761904761904762,True
GF_00487,54,53,0.9814814814814815,True
GF_00488,48,46,0.9583333333333334,True
GF_00489,50,49,0.98,True
GF_00490,56,48,0.8571428571428571,False
GF_00491,82,80,0.975609756097561,True
GF_00492,89,85,0.9550561797752809,True
GF_00493,41,40,0.975609756097561,True
GF_00494,77,65,0.8441558441558441,False
GF_00495,44,43,0.9772727272727273,True
GF_00496,48,47,0.9791666666666666,True
GF_00497,54,53,0.9814814814814815,True
GF_00498,56,32,0.5714285714285714,False
GF_00499,44,43,0.9772727272727273,True
GF_00500,40,40,1.0,True
GF_00501,66,64,0.9696969696969697,True
GF_00502,47,46,0.9787234042553191,True
GF_00503,68,66,0.9705882352941176,True
GF_00504,48,47,0.9791666666666666,True
GF_00505,48,36,0.75,False
GF_00506,48,24,0.5,False
GF_00507,56,11,0.19642857142857142,False
GF_00508,206,58,0.2815533980582524,False
GF_00509,54,16,0.2962962962962963,False
GF_00510,42,41,0.9761904761904762,True
GF_00511,40,39,0.975,True
GF_00512,50,49,0.98,True
GF_00513,56,55,0.9821428571428571,True
GF_00514,65,63,0.9692307692307692,True
GF_00515,59,58,0.9830508474576272,True
GF_00516,43,42,0.9767441860465116,True
GF_00517,82,78,0.9512195121951219,True
GF_00518,86,82,0.9534883720930233,True
GF_00519,64,62,0.96875,True
GF_00520,89,84,0.9438202247191011,True
GF_00521,41,40,0.975609756097561,True
GF_00522,49,48,0.9795918367346939,True
GF_00523,79,77,0.9746835443037974,True
GF_00524,58,53,0.9137931034482759,True
GF_00525,41,37,0.9024390243902439,True
GF_00526,51,51,1.0,True
GF_00527,60,59,0.9833333333333333,True
GF_00528,87,82,0.9425287356321839,True
GF_00529,55,54,0.9818181818181818,True
GF_00530,48,47,0.9791666666666666,True
GF_00531,73,71,0.9726027397260274,True
GF_00532,45,44,0.9777777777777777,True
GF_00533,159,68,0.4276729559748428,False
GF_00534,56,55,0.9821428571428571,True
GF_00535,88,84,0.9545454545454546,True
GF_00536,56,55,0.9821428571428571,True
GF_00537,40,39,0.975,True
GF_00538,65,64,0.9846153846153847,True
GF_00539,84,82,0.9761904761904762,True
GF_00540,44,44,1.0,True
GF_00541,84,82,0.9761904761904762,True
GF_00542,99,69,0.696969696969697,False
GF_00543,50,49,0.98,True
GF_00544,44,43,0.9772727272727273,True
GF_00545,86,82,0.9534883720930233,True
GF_00546,42,41,0.9761904761904762,True
GF_00547,41,41,1.0,True
GF_00548,48,47,0.9791666666666666,True
GF_00549,47,47,1.0,True
GF_00550,68,66,0.9705882352941176,True
GF_00551,86,82,0.9534883720930233,True
GF_00552,79,75,0.9493670886075949,True
GF_00553,59,57,0.9661016949152542,True
GF_00554,57,56,0.9824561403508771,True
GF_00555,81,78,0.9629629629629629,True
GF_00556,52,51,0.9807692307692307,True
GF_00557,80,78,0.975,True
GF_00558,140,99,0.7071428571428572,False
GF_00559,44,43,0.9772727272727273,True
GF_00560,42,40,0.9523809523809523,True
GF_00561,46,45,0.9782608695652174,True
GF_00562,54,53,0.9814814814814815,True
GF_00563,54,53,0.9814814814814815,True
GF_00564,62,60,0.967741935483871,True
GF_00565,84,80,0.9523809523809523,True
GF_00566,84,82,0.9761904761904762,True
GF_00567,86,84,0.9767441860465116,True
GF_00568,56,55,0.9821428571428571,True
GF_00569,76,74,0.9736842105263158,True
GF_00570,40,39,0.975,True
GF_00571,104,47,0.4519230769230769,False
GF_00572,60,59,0.9833333333333333,True
GF_00573,83,80,0.963855421686747,True
GF_00574,84,82,0.9761904761904762,True
GF_00575,45,5,0.1111111111111111,False
GF_00576,51,50,0.9803921568627451,True
GF_00577,61,60,0.9836065573770492,True
GF_00578,48,47,0.9791666666666666,True
GF_00579,57,55,0.9649122807017544,True
GF_00580,105,89,0.8476190476190476,False
GF_00581,62,61,0.9838709677419355,True
GF_00582,68,67,0.9852941176470589,True
GF_00583,47,46,0.9787234042553191,True
GF_00584,107,81,0.7570093457943925,False
GF_00585,79,77,0.9746835443037974,True
GF_00586,58,11,0.1896551724137931,False
GF_00587,92,23,0.25,False
GF_00588,132,88,0.6666666666666666,False
GF_00589,64,59,0.921875,True
GF_00590,83,20,0.24096385542168675,False
GF_00591,50,43,0.86,False
GF_00592,44,7,0.1590909090909091,False
GF_00593,258,118,0.4573643410852713,False
GF_00594,56,6,0.10714285714285714,False
GF_00595,45,14,0.3111111111111111,False
GF_00596,81,13,0.16049382716049382,False
GF_00597,55,12,0.21818181818181817,False
GF_00598,65,14,0.2153846153846154,False
GF_00599,54,14,0.25925925925925924,False
GF_00600,177,35,0.1977401129943503,False
GF_00601,44,33,0.75,False
GF_00602,51,5,0.09803921568627451,True
GF_00603,68,13,0.19117647058823528,False
GF_00604,116,97,0.8362068965517241,False
GF_00605,75,16,0.21333333333333335,False
GF_00606,75,28,0.37333333333333335,False
GF_00607,134,35,0.26119402985074625,False
GF_00608,287,120,0.4181184668989547,False
GF_00609,370,98,0.2648648648648649,False
GF_00610,61,52,0.8524590163934426,False
GF_00611,42,2,0.047619047619047616,True
GF_00612,163,107,0.656441717791411,False
GF_00613,137,102,0.7445255474452555,False
GF_00614,219,111,0.5068493150684932,False
GF_00615,124,97,0.782258064516129,False
GF_00616,43,25,0.5813953488372093,False
GF_00617,59,14,0.23728813559322035,False
GF_00618,56,25,0.44642857142857145,False
GF_00619,236,115,0.4872881355932203,False
GF_00620,332,126,0.3795180722891566,False
GF_00621,55,2,0.03636363636363636,True
GF_00622,267,126,0.47191011235955055,False
GF_00623,127,30,0.23622047244094488,False
GF_00624,278,109,0.3920863309352518,False
GF_00625,286,131,0.458041958041958,False
GF_00626,58,14,0.2413793103448276,False
GF_00627,72,13,0.18055555555555555,False
GF_00628,108,91,0.8425925925925926,False
GF_00629,145,106,0.7310344827586207,False
GF_00630,305,129,0.42295081967213116,False
GF_00631,301,120,0.39867109634551495,False
GF_00632,60,12,0.2,False
GF_00633,58,5,0.08620689655172414,True
GF_00634,217,107,0.4930875576036866,False
GF_00635,191,101,0.5287958115183246,False
GF_00636,54,53,0.9814814814814815,True
GF_00637,79,75,0.9493670886075949,True
GF_00638,273,112,0.41025641025641024,False
GF_00639,60,57,0.95,True
GF_00640,55,52,0.9454545454545454,True
GF_00641,50,47,0.94,True
GF_00642,60,56,0.9333333333333333,True
GF_00643,227,115,0.5066079295154186,False
GF_00644,41,33,0.8048780487804879,False
GF_00645,68,66,0.9705882352941176,True
GF_00646,41,33,0.8048780487804879,False
GF_00647,83,81,0.9759036144578314,True
GF_00648,84,82,0.9761904761904762,True
GF_00649,88,84,0.9545454545454546,True
GF_00650,87,83,0.9540229885057471,True
GF_00651,70,69,0.9857142857142858,True
GF_00652,77,75,0.974025974025974,True
GF_00653,60,59,0.9833333333333333,True
GF_00654,84,81,0.9642857142857143,True
GF_00655,47,47,1.0,True
GF_00656,56,35,0.625,False
GF_00657,98,77,0.7857142857142857,False
GF_00658,248,124,0.5,False
GF_00659,95,76,0.8,False
GF_00660,88,80,0.9090909090909091,True
GF_00661,175,103,0.5885714285714285,False
GF_00662,61,53,0.8688524590163934,False
GF_00663,110,93,0.8454545454545455,False
GF_00664,48,45,0.9375,True
GF_00665,295,131,0.4440677966101695,False
GF_00666,121,100,0.8264462809917356,False
GF_00667,88,72,0.8181818181818182,False
GF_00668,189,103,0.544973544973545,False
GF_00669,47,44,0.9361702127659575,True
GF_00670,98,85,0.8673469387755102,False
GF_00671,109,98,0.8990825688073395,False
GF_00672,260,118,0.45384615384615384,False
GF_00673,153,102,0.6666666666666666,False
GF_00674,90,88,0.9777777777777777,True
GF_00675,105,51,0.4857142857142857,False
GF_00676,142,85,0.5985915492957746,False
GF_00677,165,92,0.5575757575757576,False
GF_00678,41,3,0.07317073170731707,True
GF_00679,99,54,0.5454545454545454,False
GF_00680,46,11,0.2391304347826087,False
GF_00681,56,54,0.9642857142857143,True
GF_00682,81,68,0.8395061728395061,False
GF_00683,73,69,0.9452054794520548,True
GF_00684,90,86,0.9555555555555556,True
GF_00685,92,88,0.9565217391304348,True
GF_00686,96,86,0.8958333333333334,False
GF_00687,285,126,0.4421052631578947,False
GF_00688,108,69,0.6388888888888888,False
GF_00689,108,89,0.8240740740740741,False
GF_00690,196,110,0.5612244897959183,False
GF_00691,41,26,0.6341463414634146,False
GF_00692,40,38,0.95,True
GF_00693,105,85,0.8095238095238095,False
GF_00694,292,127,0.4349315068493151,False
GF_00695,84,81,0.9642857142857143,True
GF_00696,85,80,0.9411764705882353,True
GF_00697,81,77,0.9506172839506173,True
GF_00698,80,74,0.925,True
GF_00699,78,74,0.9487179487179487,True
GF_00700,64,52,0.8125,False
GF_00701,41,9,0.21951219512195122,False
GF_00702,53,50,0.9433962264150944,True
GF_00703,91,85,0.9340659340659341,True
GF_00704,102,84,0.8235294117647058,False
GF_00705,43,12,0.27906976744186046,False
GF_00706,61,14,0.22950819672131148,False
GF_00707,95,23,0.24210526315789474,False
GF_00708,160,59,0.36875,False
GF_00709,86,82,0.9534883720930233,True
GF_00710,83,81,0.9759036144578314,True
GF_00711,48,47,0.9791666666666666,True
GF_00712,58,56,0.9655172413793104,True
GF_00713,67,65,0.9701492537313433,True
GF_00714,70,68,0.9714285714285714,True
GF_00715,54,48,0.8888888888888888,False
GF_00716,82,80,0.975609756097561,True
GF_00717,40,39,0.975,True
GF_00718,71,69,0.971830985915493,True
GF_00719,77,75,0.974025974025974,True
GF_00720,50,49,0.98,True
GF_00721,101,87,0.8613861386138614,False
GF_00722,41,40,0.975609756097561,True
GF_00723,83,81,0.9759036144578314,True
GF_00724,56,55,0.9821428571428571,True
GF_00725,71,69,0.971830985915493,True
GF_00726,42,1,0.023809523809523808,True
GF_00727,47,9,0.19148936170212766,False
GF_00728,44,3,0.06818181818181818,True
GF_00729,117,32,0.27350427350427353,False
GF_00730,45,4,0.08888888888888889,True
GF_00731,90,19,0.2111111111111111,False
GF_00732,443,126,0.28442437923250563,False
GF_00733,80,74,0.925,True
GF_00734,59,56,0.9491525423728814,True
GF_00735,92,88,0.9565217391304348,True
GF_00736,72,70,0.9722222222222222,True
GF_00737,67,65,0.9701492537313433,True
GF_00738,73,69,0.9452054794520548,True
GF_00739,88,74,0.8409090909090909,False
GF_00740,75,71,0.9466666666666667,True
GF_00741,99,75,0.7575757575757576,False
GF_00742,41,40,0.975609756097561,True
GF_00743,50,49,0.98,True
GF_00744,47,46,0.9787234042553191,True
GF_00745,94,87,0.925531914893617,True
GF_00746,219,109,0.4977168949771689,False
GF_00747,53,52,0.9811320754716981,True
GF_00748,88,72,0.8181818181818182,False
GF_00749,61,59,0.9672131147540983,True
GF_00750,64,61,0.953125,True
GF_00751,52,51,0.9807692307692307,True
GF_00752,84,80,0.9523809523809523,True
GF_00753,58,57,0.9827586206896551,True
GF_00754,72,62,0.8611111111111112,False
GF_00755,62,59,0.9516129032258065,True
GF_00756,53,0,0.0,True
GF_00757,75,0,0.0,True
GF_00758,67,0,0.0,True
GF_00759,49,0,0.0,True
GF_00760,147,0,0.0,True
GF_00761,47,0,0.0,True
GF_00762,145,0,0.0,True
GF_00763,59,0,0.0,True
GF_00764,40,0,0.0,True
GF_00765,51,0,0.0,True
GF_00766,60,0,0.0,True
GF_00767,46,0,0.0,True
GF_00768,52,0,0.0,True
GF_00769,45,0,0.0,True
GF_00770,53,0,0.0,True
GF_00771,67,0,0.0,True
GF_00772,69,0,0.0,True
GF_00773,52,0,0.0,True
GF_00774,68,0,0.0,True
GF_00775,86,0,0.0,True
GF_00776,69,0,0.0,True
GF_00777,60,0,0.0,True
GF_00778,52,0,0.0,True
GF_00779,92,0,0.0,True
GF_00780,84,0,0.0,True
GF_00781,70,0,0.0,True
GF_00782,50,0,0.0,True
GF_00783,55,0,0.0,True
GF_00784,55,0,0.0,True
GF_00785,48,0,0.0,True
GF_00786,86,0,0.0,True
GF_00787,143,0,0.0,True
GF_00788,374,131,0.3502673796791444,False
GF_00789,48,3,0.0625,True
GF_00790,51,14,0.27450980392156865,False
GF_00791,64,15,0.234375,False
GF_00792,214,107,0.5,False
GF_00793,53,11,0.20754716981132076,False
GF_00794,87,16,0.1839080459770115,False
GF_00795,49,0,0.0,True
GF_00796,53,0,0.0,True
GF_00797,41,0,0.0,True
GF_00798,48,0,0.0,True
GF_00799,216,113,0.5231481481481481,False
GF_00800,54,48,0.8888888888888888,False
GF_00801,98,86,0.8775510204081632,False
GF_00802,42,40,0.9523809523809523,True
GF_00803,44,43,0.9772727272727273,True
GF_00804,165,39,0.23636363636363636,False
GF_00805,75,18,0.24,False
GF_00806,49,8,0.16326530612244897,False
GF_00807,41,1,0.024390243902439025,True
GF_00808,188,111,0.5904255319148937,False
GF_00809,49,28,0.5714285714285714,False
GF_00810,72,21,0.2916666666666667,False
GF_00811,44,43,0.9772727272727273,True
GF_00812,47,46,0.9787234042553191,True
GF_00813,40,39,0.975,True
GF_00814,54,54,1.0,True
GF_00815,45,44,0.9777777777777777,True
GF_00816,43,43,1.0,True
GF_00817,66,64,0.9696969696969697,True
GF_00818,60,58,0.9666666666666667,True
GF_00819,49,48,0.9795918367346939,True
GF_00820,77,75,0.974025974025974,True
GF_00821,66,64,0.9696969696969697,True
GF_00822,63,61,0.9682539682539683,True
GF_00823,169,98,0.5798816568047337,False
GF_00824,53,17,0.32075471698113206,False
GF_00825,120,91,0.7583333333333333,False
GF_00826,59,54,0.9152542372881356,True
GF_00827,48,46,0.9583333333333334,True
GF_00828,189,106,0.5608465608465608,False
GF_00829,48,18,0.375,False
GF_00830,40,10,0.25,False
GF_00831,81,78,0.9629629629629629,True
GF_00832,95,90,0.9473684210526315,True
GF_00833,67,63,0.9402985074626866,True
GF_00834,90,86,0.9555555555555556,True
GF_00835,78,76,0.9743589743589743,True
GF_00836,73,71,0.9726027397260274,True
GF_00837,43,43,1.0,True
GF_00838,67,65,0.9701492537313433,True
GF_00839,70,64,0.9142857142857143,True
GF_00840,73,71,0.9726027397260274,True
GF_00841,61,56,0.9180327868852459,True
GF_00842,53,52,0.9811320754716981,True
GF_00843,66,64,0.9696969696969697,True
GF_00844,62,60,0.967741935483871,True
GF_00845,41,41,1.0,True
GF_00846,72,67,0.9305555555555556,True
GF_00847,49,49,1.0,True
GF_00848,48,46,0.9583333333333334,True
GF_00849,55,54,0.9818181818181818,True
GF_00850,89,84,0.9438202247191011,True
GF_00851,90,86,0.9555555555555556,True
GF_00852,54,53,0.9814814814814815,True
GF_00853,96,18,0.1875,False
GF_00854,48,7,0.14583333333333334,False
GF_00855,196,117,0.5969387755102041,False
GF_00856,221,91,0.4117647058823529,False
GF_00857,93,15,0.16129032258064516,False
GF_00858,50,9,0.18,False
GF_00859,40,15,0.375,False
GF_00860,46,10,0.21739130434782608,False
GF_00861,131,92,0.7022900763358778,False
GF_00862,53,14,0.2641509433962264,False
GF_00863,289,125,0.43252595155709345,False
GF_00864,126,1,0.007936507936507936,True
GF_00865,145,100,0.6896551724137931,False
GF_00866,73,29,0.3972602739726027,False
GF_00867,204,117,0.5735294117647058,False
GF_00868,92,9,0.09782608695652174,True
GF_00869,206,100,0.4854368932038835,False
GF_00870,52,12,0.23076923076923078,False
GF_00871,88,81,0.9204545454545454,True
GF_00872,99,68,0.6868686868686869,False
GF_00873,288,128,0.4444444444444444,False
GF_00874,126,95,0.753968253968254,False
GF_00875,67,64,0.9552238805970149,True
GF_00876,47,41,0.8723404255319149,False
GF_00877,104,86,0.8269230769230769,False
GF_00878,63,10,0.15873015873015872,False
GF_00879,89,82,0.9213483146067416,True
GF_00880,167,43,0.25748502994011974,False
GF_00881,44,34,0.7727272727272727,False
GF_00882,91,0,0.0,True
GF_00883,114,0,0.0,True
GF_00884,147,0,0.0,True
GF_00885,43,0,0.0,True
GF_00886,41,0,0.0,True
GF_00887,61,0,0.0,True
GF_00888,147,0,0.0,True
GF_00889,47,0,0.0,True
GF_00890,46,0,0.0,True
GF_00891,155,35,0.22580645161290322,False
GF_00892,41,2,0.04878048780487805,True
GF_00893,98,57,0.5816326530612245,False
GF_00894,64,2,0.03125,True
GF_00895,124,24,0.1935483870967742,False
GF_00896,168,94,0.5595238095238095,False
GF_00897,42,4,0.09523809523809523,True
GF_00898,44,7,0.1590909090909091,False
GF_00899,41,16,0.3902439024390244,False
GF_00900,66,58,0.8787878787878788,False
GF_00901,88,84,0.9545454545454546,True
GF_00902,275,120,0.43636363636363634,False
GF_00903,45,32,0.7111111111111111,False
GF_00904,70,69,0.9857142857142858,True
GF_00905,78,76,0.9743589743589743,True
GF_00906,88,84,0.9545454545454546,True
GF_00907,86,82,0.9534883720930233,True
GF_00908,48,47,0.9791666666666666,True
GF_00909,80,75,0.9375,True
GF_00910,71,60,0.8450704225352113,False
GF_00911,52,50,0.9615384615384616,True
GF_00912,76,74,0.9736842105263158,True
GF_00913,40,38,0.95,True
GF_00914,84,82,0.9761904761904762,True
GF_00915,174,108,0.6206896551724138,False
GF_00916,204,119,0.5833333333333334,False
GF_00917,95,86,0.9052631578947369,True
GF_00918,77,73,0.948051948051948,True
GF_00919,60,58,0.9666666666666667,True
GF_00920,72,70,0.9722222222222222,True
GF_00921,86,78,0.9069767441860465,True
GF_00922,46,45,0.9782608695652174,True
GF_00923,95,88,0.9263157894736842,True
GF_00924,50,49,0.98,True
GF_00925,70,68,0.9714285714285714,True
GF_00926,71,69,0.971830985915493,True
GF_00927,83,81,0.9759036144578314,True
GF_00928,89,84,0.9438202247191011,True
GF_00929,86,84,0.9767441860465116,True
GF_00930,115,99,0.8608695652173913,False
GF_00931,78,76,0.9743589743589743,True
GF_00932,76,74,0.9736842105263158,True
GF_00933,57,56,0.9824561403508771,True
GF_00934,73,71,0.9726027397260274,True
GF_00935,86,63,0.7325581395348837,False
GF_00936,48,47,0.9791666666666666,True
GF_00937,65,64,0.9846153846153847,True
GF_00938,66,62,0.9393939393939394,True
GF_00939,40,39,0.975,True
GF_00940,40,7,0.175,False
GF_00941,49,11,0.22448979591836735,False
GF_00942,77,19,0.24675324675324675,False
GF_00943,86,11,0.12790697674418605,False
GF_00944,47,5,0.10638297872340426,False
GF_00945,70,24,0.34285714285714286,False
GF_00946,134,105,0.7835820895522388,False
GF_00947,93,27,0.2903225806451613,False
GF_00948,78,12,0.15384615384615385,False
GF_00949,43,4,0.09302325581395349,True
GF_00950,52,7,0.1346153846153846,False
GF_00951,43,3,0.06976744186046512,True
GF_00952,71,69,0.971830985915493,True
GF_00953,85,81,0.9529411764705882,True
GF_00954,54,53,0.9814814814814815,True
GF_00955,43,43,1.0,True
GF_00956,51,49,0.9607843137254902,True
GF_00957,53,39,0.7358490566037735,False
GF_00958,71,69,0.971830985915493,True
GF_00959,46,45,0.9782608695652174,True
GF_00960,55,52,0.9454545454545454,True
GF_00961,49,49,1.0,True
GF_00962,54,52,0.9629629629629629,True
GF_00963,61,55,0.9016393442622951,True
GF_00964,62,61,0.9838709677419355,True
GF_00965,62,58,0.9354838709677419,True
GF_00966,43,43,1.0,True
GF_00967,49,48,0.9795918367346939,True
GF_00968,74,72,0.972972972972973,True
GF_00969,118,88,0.7457627118644068,False
GF_00970,63,53,0.8412698412698413,False
GF_00971,56,55,0.9821428571428571,True
GF_00972,45,44,0.9777777777777777,True
GF_00973,49,48,0.9795918367346939,True
GF_00974,104,90,0.8653846153846154,False
GF_00975,79,71,0.8987341772151899,False
GF_00976,64,62,0.96875,True
GF_00977,79,77,0.9746835443037974,True
GF_00978,51,50,0.9803921568627451,True
GF_00979,177,112,0.632768361581921,False
GF_00980,115,20,0.17391304347826086,False
GF_00981,286,127,0.44405594405594406,False
GF_00982,276,120,0.43478260869565216,False
GF_00983,106,27,0.25471698113207547,False
GF_00984,284,124,0.43661971830985913,False
GF_00985,277,127,0.4584837545126354,False
GF_00986,105,23,0.21904761904761905,False
GF_00987,63,11,0.1746031746031746,False
GF_00988,66,64,0.9696969696969697,True
GF_00989,86,83,0.9651162790697675,True
GF_00990,83,81,0.9759036144578314,True
GF_00991,84,82,0.9761904761904762,True
GF_00992,252,108,0.42857142857142855,False
GF_00993,80,49,0.6125,False
GF_00994,84,82,0.9761904761904762,True
GF_00995,86,82,0.9534883720930233,True
GF_00996,170,113,0.6647058823529411,False
GF_00997,75,73,0.9733333333333334,True
GF_00998,59,58,0.9830508474576272,True
GF_00999,80,79,0.9875,True
GF_01000,201,103,0.5124378109452736,False
GF_01001,101,82,0.8118811881188119,False
GF_01002,82,80,0.975609756097561,True
GF_01003,57,57,1.0,True
GF_01004,72,70,0.9722222222222222,True
GF_01005,69,9,0.13043478260869565,False
GF_01006,299,129,0.431438127090301,False
GF_01007,45,45,1.0,True
GF_01008,84,82,0.9761904761904762,True
GF_01009,81,79,0.9753086419753086,True
GF_01010,48,47,0.9791666666666666,True
GF_01011,116,99,0.853448275862069,False
GF_01012,266,120,0.45112781954887216,False
GF_01013,84,82,0.9761904761904762,True
GF_01014,87,81,0.9310344827586207,True
GF_01015,58,54,0.9310344827586207,True
GF_01016,50,19,0.38,False
GF_01017,84,82,0.9761904761904762,True
GF_01018,40,40,1.0,True
GF_01019,50,50,1.0,True
GF_01020,284,124,0.43661971830985913,False
GF_01021,88,86,0.9772727272727273,True
GF_01022,98,86,0.8775510204081632,False
GF_01023,71,69,0.971830985915493,True
GF_01024,56,55,0.9821428571428571,True
GF_01025,56,55,0.9821428571428571,True
GF_01026,45,45,1.0,True
GF_01027,73,71,0.9726027397260274,True
GF_01028,109,73,0.6697247706422018,False
GF_01029,92,85,0.9239130434782609,True
GF_01030,67,66,0.9850746268656716,True
GF_01031,75,66,0.88,False
GF_01032,193,106,0.5492227979274611,False
GF_01033,124,97,0.782258064516129,False
GF_01034,71,69,0.971830985915493,True
GF_01035,55,53,0.9636363636363636,True
GF_01036,77,73,0.948051948051948,True
GF_01037,57,55,0.9649122807017544,True
GF_01038,67,65,0.9701492537313433,True
GF_01039,87,82,0.9425287356321839,True
GF_01040,46,46,1.0,True
GF_01041,52,51,0.9807692307692307,True
GF_01042,93,87,0.9354838709677419,True
GF_01043,141,94,0.6666666666666666,False
GF_01044,66,65,0.9848484848484849,True
GF_01045,54,10,0.18518518518518517,False
GF_01046,45,44,0.9777777777777777,True
GF_01047,44,44,1.0,True
GF_01048,63,62,0.9841269841269841,True
GF_01049,40,40,1.0,True
GF_01050,95,86,0.9052631578947369,True
GF_01051,45,44,0.9777777777777777,True
GF_01052,54,53,0.9814814814814815,True
GF_01053,71,69,0.971830985915493,True
GF_01054,40,39,0.975,True
GF_01055,68,63,0.9264705882352942,True
GF_01056,61,59,0.9672131147540983,True
GF_01057,78,76,0.9743589743589743,True
GF_01058,51,29,0.5686274509803921,False
GF_01059,49,48,0.9795918367346939,True
GF_01060,41,40,0.975609756097561,True
GF_01061,70,68,0.9714285714285714,True
GF_01062,102,89,0.8725490196078431,False
GF_01063,57,56,0.9824561403508771,True
GF_01064,87,83,0.9540229885057471,True
GF_01065,44,43,0.9772727272727273,True
GF_01066,62,60,0.967741935483871,True
GF_01067,63,61,0.9682539682539683,True
GF_01068,80,76,0.95,True
GF_01069,57,55,0.9649122807017544,True
GF_01070,63,62,0.9841269841269841,True
GF_01071,52,29,0.5576923076923077,False
GF_01072,46,45,0.9782608695652174,True
GF_01073,72,70,0.9722222222222222,True
GF_01074,42,41,0.9761904761904762,True
GF_01075,83,81,0.9759036144578314,True
GF_01076,55,54,0.9818181818181818,True
GF_01077,52,51,0.9807692307692307,True
GF_01078,71,67,0.9436619718309859,True
GF_01079,54,53,0.9814814814814815,True
GF_01080,87,83,0.9540229885057471,True
GF_01081,92,85,0.9239130434782609,True
GF_01082,40,38,0.95,True
GF_01083,83,81,0.9759036144578314,True
GF_01084,62,61,0.9838709677419355,True
GF_01085,52,51,0.9807692307692307,True
GF_01086,41,40,0.975609756097561,True
GF_01087,60,31,0.5166666666666667,False
GF_01088,57,10,0.17543859649122806,False
GF_01089,55,9,0.16363636363636364,False
GF_01090,268,118,0.44029850746268656,False
GF_01091,46,45,0.9782608695652174,True
GF_01092,89,85,0.9550561797752809,True
GF_01093,46,45,0.9782608695652174,True
GF_01094,50,48,0.96,True
GF_01095,79,75,0.9493670886075949,True
GF_01096,75,73,0.9733333333333334,True
GF_01097,71,66,0.9295774647887324,True
GF_01098,90,85,0.9444444444444444,True
GF_01099,47,46,0.9787234042553191,True
GF_01100,66,64,0.9696969696969697,True
GF_01101,50,49,0.98,True
GF_01102,140,81,0.5785714285714286,False
GF_01103,81,72,0.8888888888888888,False
GF_01104,71,18,0.2535211267605634,False
GF_01105,53,52,0.9811320754716981,True
GF_01106,54,53,0.9814814814814815,True
GF_01107,78,76,0.9743589743589743,True
GF_01108,68,67,0.9852941176470589,True
GF_01109,89,85,0.9550561797752809,True
GF_01110,84,79,0.9404761904761905,True
GF_01111,40,39,0.975,True
GF_01112,79,77,0.9746835443037974,True
GF_01113,51,50,0.9803921568627451,True
GF_01114,67,65,0.9701492537313433,True
GF_01115,71,69,0.971830985915493,True
GF_01116,43,43,1.0,True
GF_01117,65,64,0.9846153846153847,True
GF_01118,48,47,0.9791666666666666,True
GF_01119,89,85,0.9550561797752809,True
GF_01120,40,39,0.975,True
GF_01121,68,67,0.9852941176470589,True
GF_01122,254,120,0.47244094488188976,False
GF_01123,47,46,0.9787234042553191,True
GF_01124,71,69,0.971830985915493,True
GF_01125,71,69,0.971830985915493,True
GF_01126,83,81,0.9759036144578314,True
GF_01127,81,79,0.9753086419753086,True
GF_01128,96,84,0.875,False
GF_01129,83,81,0.9759036144578314,True
GF_01130,57,56,0.9824561403508771,True
GF_01131,76,74,0.9736842105263158,True
GF_01132,67,64,0.9552238805970149,True
GF_01133,89,85,0.9550561797752809,True
GF_01134,74,72,0.972972972972973,True
GF_01135,166,95,0.572289156626506,False
GF_01136,156,76,0.48717948717948717,False
GF_01137,41,0,0.0,True
GF_01138,277,122,0.4404332129963899,False
GF_01139,66,17,0.25757575757575757,False
GF_01140,48,14,0.2916666666666667,False
GF_01141,77,16,0.2077922077922078,False
GF_01142,44,9,0.20454545454545456,False
GF_01143,55,21,0.38181818181818183,False
GF_01144,48,47,0.9791666666666666,True
GF_01145,71,13,0.18309859154929578,False
GF_01146,243,89,0.3662551440329218,False
GF_01147,51,0,0.0,True
GF_01148,66,0,0.0,True
GF_01149,89,0,0.0,True
GF_01150,46,0,0.0,True
GF_01151,45,0,0.0,True
GF_01152,92,0,0.0,True
GF_01153,52,0,0.0,True
GF_01154,77,0,0.0,True
GF_01155,46,0,0.0,True
GF_01156,90,36,0.4,False
GF_01157,76,12,0.15789473684210525,False
GF_01158,258,117,0.45348837209302323,False
GF_01159,48,47,0.9791666666666666,True
GF_01160,146,70,0.4794520547945205,False
GF_01161,72,70,0.9722222222222222,True
GF_01162,82,80,0.975609756097561,True
GF_01163,60,58,0.9666666666666667,True
GF_01164,40,0,0.0,True
GF_01165,93,0,0.0,True
GF_01166,147,0,0.0,True
GF_01167,72,0,0.0,True
GF_01168,119,0,0.0,True
GF_01169,92,0,0.0,True
GF_01170,128,0,0.0,True
GF_01171,75,0,0.0,True
GF_01172,96,0,0.0,True
GF_01173,67,0,0.0,True
GF_01174,86,0,0.0,True
GF_01175,59,7,0.11864406779661017,False
GF_01176,44,43,0.9772727272727273,True
GF_01177,64,62,0.96875,True
GF_01178,48,46,0.9583333333333334,True
GF_01179,40,36,0.9,True
GF_01180,72,70,0.9722222222222222,True
GF_01181,45,44,0.9777777777777777,True
GF_01182,263,122,0.46387832699619774,False
GF_01183,50,50,1.0,True
GF_01184,82,72,0.8780487804878049,False
GF_01185,48,48,1.0,True
GF_01186,40,40,1.0,True
GF_01187,51,50,0.9803921568627451,True
GF_01188,59,57,0.9661016949152542,True
GF_01189,41,41,1.0,True
GF_01190,74,64,0.8648648648648649,False
GF_01191,47,46,0.9787234042553191,True
GF_01192,45,43,0.9555555555555556,True
GF_01193,439,123,0.28018223234624146,False
GF_01194,67,7,0.1044776119402985,False
GF_01195,78,75,0.9615384615384616,True
GF_01196,47,46,0.9787234042553191,True
GF_01197,65,64,0.9846153846153847,True
GF_01198,62,46,0.7419354838709677,False
GF_01199,56,50,0.8928571428571429,False
GF_01200,57,56,0.9824561403508771,True
GF_01201,64,38,0.59375,False
GF_01202,58,54,0.9310344827586207,True
GF_01203,53,53,1.0,True
GF_01204,68,66,0.9705882352941176,True
GF_01205,44,44,1.0,True
GF_01206,57,44,0.7719298245614035,False
GF_01207,46,45,0.9782608695652174,True
GF_01208,65,63,0.9692307692307692,True
GF_01209,43,42,0.9767441860465116,True
GF_01210,43,42,0.9767441860465116,True
GF_01211,51,50,0.9803921568627451,True
GF_01212,52,51,0.9807692307692307,True
GF_01213,64,58,0.90625,True
GF_01214,68,66,0.9705882352941176,True
GF_01215,41,41,1.0,True
GF_01216,72,70,0.9722222222222222,True
GF_01217,66,64,0.9696969696969697,True
GF_01218,80,78,0.975,True
GF_01219,47,46,0.9787234042553191,True
GF_01220,66,18,0.2727272727272727,False
GF_01221,226,112,0.49557522123893805,False
GF_01222,97,73,0.7525773195876289,False
GF_01223,111,80,0.7207207207207207,False
GF_01224,45,13,0.28888888888888886,False
GF_01225,56,5,0.08928571428571429,True
GF_01226,71,70,0.9859154929577465,True
GF_01227,60,59,0.9833333333333333,True
GF_01228,70,68,0.9714285714285714,True
GF_01229,53,51,0.9622641509433962,True
GF_01230,72,70,0.9722222222222222,True
GF_01231,64,62,0.96875,True
GF_01232,256,116,0.453125,False
GF_01233,40,4,0.1,False
GF_01234,40,15,0.375,False
GF_01235,95,19,0.2,False
GF_01236,51,20,0.39215686274509803,False
GF_01237,174,63,0.3620689655172414,False
GF_01238,82,80,0.975609756097561,True
GF_01239,62,60,0.967741935483871,True
GF_01240,45,44,0.9777777777777777,True
GF_01241,41,40,0.975609756097561,True
GF_01242,92,86,0.9347826086956522,True
GF_01243,48,47,0.9791666666666666,True
GF_01244,74,72,0.972972972972973,True
GF_01245,139,104,0.7482014388489209,False
GF_01246,68,65,0.9558823529411765,True
GF_01247,52,50,0.9615384615384616,True
GF_01248,45,45,1.0,True
GF_01249,55,54,0.9818181818181818,True
GF_01250,60,59,0.9833333333333333,True
GF_01251,43,42,0.9767441860465116,True
GF_01252,65,63,0.9692307692307692,True
GF_01253,61,26,0.4262295081967213,False
GF_01254,61,59,0.9672131147540983,True
GF_01255,40,39,0.975,True
GF_01256,60,58,0.9666666666666667,True
GF_01257,58,55,0.9482758620689655,True
GF_01258,45,44,0.9777777777777777,True
GF_01259,53,53,1.0,True
GF_01260,51,50,0.9803921568627451,True
GF_01261,79,77,0.9746835443037974,True
GF_01262,46,44,0.9565217391304348,True
GF_01263,207,100,0.4830917874396135,False
GF_01264,42,41,0.9761904761904762,True
GF_01265,41,40,0.975609756097561,True
GF_01266,52,51,0.9807692307692307,True
GF_01267,49,48,0.9795918367346939,True
GF_01268,49,48,0.9795918367346939,True
GF_01269,47,46,0.9787234042553191,True
GF_01270,42,41,0.9761904761904762,True
GF_01271,49,48,0.9795918367346939,True
GF_01272,73,71,0.9726027397260274,True
GF_01273,50,49,0.98,True
GF_01274,77,75,0.974025974025974,True
GF_01275,44,42,0.9545454545454546,True
GF_01276,45,32,0.7111111111111111,False
GF_01277,126,49,0.3888888888888889,False
GF_01278,72,70,0.9722222222222222,True
GF_01279,43,43,1.0,True
GF_01280,48,47,0.9791666666666666,True
GF_01281,74,72,0.972972972972973,True
GF_01282,46,46,1.0,True
GF_01283,71,69,0.971830985915493,True
GF_01284,49,49,1.0,True
GF_01285,43,42,0.9767441860465116,True
GF_01286,71,67,0.9436619718309859,True
GF_01287,52,52,1.0,True
GF_01288,65,63,0.9692307692307692,True
GF_01289,44,44,1.0,True
GF_01290,60,56,0.9333333333333333,True
GF_01291,73,70,0.958904109589041,True
GF_01292,43,42,0.9767441860465116,True
GF_01293,66,65,0.9848484848484849,True
GF_01294,52,50,0.9615384615384616,True
GF_01295,49,48,0.9795918367346939,True
GF_01296,51,50,0.9803921568627451,True
GF_01297,46,46,1.0,True
GF_01298,56,0,0.0,True
GF_01299,138,0,0.0,True
GF_01300,57,0,0.0,True
GF_01301,52,0,0.0,True
GF_01302,90,0,0.0,True
GF_01303,45,0,0.0,True
GF_01304,42,0,0.0,True
GF_01305,147,0,0.0,True
GF_01306,119,3,0.025210084033613446,True
GF_01307,162,0,0.0,True
GF_01308,94,0,0.0,True
GF_01309,103,0,0.0,True
GF_01310,47,0,0.0,True
GF_01311,43,0,0.0,True
GF_01312,67,0,0.0,True
GF_01313,119,0,0.0,True
GF_01314,49,0,0.0,True
GF_01315,99,0,0.0,True
GF_01316,51,0,0.0,True
GF_01317,51,0,0.0,True
GF_01318,61,0,0.0,True
GF_01319,53,0,0.0,True
GF_01320,75,0,0.0,True
GF_01321,78,0,0.0,True
GF_01322,146,0,0.0,True
GF_01323,69,0,0.0,True
GF_01324,47,0,0.0,True
GF_01325,46,0,0.0,True
GF_01326,104,0,0.0,True
GF_01327,69,0,0.0,True
GF_01328,78,1,0.01282051282051282,True
GF_01329,74,0,0.0,True
GF_01330,147,0,0.0,True
GF_01331,40,0,0.0,True
GF_01332,86,0,0.0,True
GF_01333,274,99,0.3613138686131387,False
GF_01334,130,0,0.0,True
GF_01335,72,0,0.0,True
GF_01336,40,0,0.0,True
GF_01337,63,0,0.0,True
GF_01338,71,0,0.0,True
GF_01339,42,0,0.0,True
GF_01340,102,0,0.0,True
GF_01341,51,0,0.0,True
GF_01342,42,0,0.0,True
GF_01343,118,0,0.0,True
GF_01344,146,0,0.0,True
GF_01345,47,0,0.0,True
GF_01346,70,0,0.0,True
GF_01347,52,0,0.0,True
GF_01348,93,0,0.0,True
GF_01349,72,0,0.0,True
GF_01350,48,0,0.0,True
GF_01351,73,0,0.0,True
GF_01352,51,0,0.0,True
GF_01353,72,0,0.0,True
GF_01354,147,0,0.0,True
GF_01355,69,0,0.0,True
GF_01356,85,0,0.0,True
GF_01357,52,0,0.0,True
GF_01358,119,0,0.0,True
GF_01359,65,0,0.0,True
GF_01360,70,0,0.0,True
GF_01361,350,122,0.3485714285714286,False
GF_01362,74,0,0.0,True
GF_01363,52,0,0.0,True
GF_01364,68,0,0.0,True
GF_01365,41,0,0.0,True
GF_01366,73,0,0.0,True
GF_01367,49,0,0.0,True
GF_01368,51,0,0.0,True
GF_01369,92,0,0.0,True
GF_01370,146,0,0.0,True
GF_01371,65,0,0.0,True
GF_01372,75,4,0.05333333333333334,True
GF_01373,78,0,0.0,True
GF_01374,92,0,0.0,True
GF_01375,50,0,0.0,True
GF_01376,89,0,0.0,True
GF_01377,49,0,0.0,True
GF_01378,73,0,0.0,True
GF_01379,69,0,0.0,True
GF_01380,56,0,0.0,True
GF_01381,91,0,0.0,True
GF_01382,50,0,0.0,True
GF_01383,43,0,0.0,True
GF_01384,147,0,0.0,True
GF_01385,70,0,0.0,True
GF_01386,99,0,0.0,True
GF_01387,64,0,0.0,True
GF_01388,67,0,0.0,True
GF_01389,50,0,0.0,True
GF_01390,96,0,0.0,True
GF_01391,73,0,0.0,True
GF_01392,96,0,0.0,True
GF_01393,47,0,0.0,True
GF_01394,42,0,0.0,True
GF_01395,130,0,0.0,True
GF_01396,58,0,0.0,True
GF_01397,67,0,0.0,True
GF_01398,104,0,0.0,True
GF_01399,61,0,0.0,True
GF_01400,46,0,0.0,True
GF_01401,49,0,0.0,True
GF_01402,72,0,0.0,True
GF_01403,58,0,0.0,True
GF_01404,56,0,0.0,True
GF_01405,41,0,0.0,True
GF_01406,68,0,0.0,True
GF_01407,54,0,0.0,True
GF_01408,147,0,0.0,True
GF_01409,70,0,0.0,True
GF_01410,56,0,0.0,True
GF_01411,49,0,0.0,True
GF_01412,96,0,0.0,True
GF_01413,69,0,0.0,True
GF_01414,63,0,0.0,True
GF_01415,92,0,0.0,True
GF_01416,40,0,0.0,True
GF_01417,51,0,0.0,True
GF_01418,55,0,0.0,True
GF_01419,56,0,0.0,True
GF_01420,75,0,0.0,True
GF_01421,70,0,0.0,True
GF_01422,41,0,0.0,True
GF_01423,90,0,0.0,True
GF_01424,89,0,0.0,True
GF_01425,117,0,0.0,True
GF_01426,73,0,0.0,True
GF_01427,77,0,0.0,True
GF_01428,93,0,0.0,True
GF_01429,147,0,0.0,True
GF_01430,88,0,0.0,True
GF_01431,150,0,0.0,True
GF_01432,91,0,0.0,True
GF_01433,147,0,0.0,True
GF_01434,72,0,0.0,True
GF_01435,48,0,0.0,True
GF_01436,71,0,0.0,True
GF_01437,147,0,0.0,True
GF_01438,86,0,0.0,True
GF_01439,48,0,0.0,True
GF_01440,68,0,0.0,True
GF_01441,106,0,0.0,True
GF_01442,42,0,0.0,True
GF_01443,48,0,0.0,True
GF_01444,54,0,0.0,True
GF_01445,70,0,0.0,True
GF_01446,49,0,0.0,True
GF_01447,90,0,0.0,True
GF_01448,47,0,0.0,True
GF_01449,83,0,0.0,True
GF_01450,92,0,0.0,True
GF_01451,147,0,0.0,True
GF_01452,72,0,0.0,True
GF_01453,118,0,0.0,True
GF_01454,47,0,0.0,True
GF_01455,75,0,0.0,True
GF_01456,89,0,0.0,True
GF_01457,85,81,0.9529411764705882,True
GF_01458,66,64,0.9696969696969697,True
GF_01459,79,78,0.9873417721518988,True
GF_01460,48,47,0.9791666666666666,True
GF_01461,73,0,0.0,True
GF_01462,446,131,0.2937219730941704,False
GF_01463,69,0,0.0,True
GF_01464,117,0,0.0,True
GF_01465,57,0,0.0,True
GF_01466,92,0,0.0,True
GF_01467,105,0,0.0,True
GF_01468,119,0,0.0,True
GF_01469,41,0,0.0,True
GF_01470,105,0,0.0,True
GF_01471,86,0,0.0,True
GF_01472,81,0,0.0,True
GF_01473,102,0,0.0,True
GF_01474,74,0,0.0,True
GF_01475,44,0,0.0,True
GF_01476,57,0,0.0,True
GF_01477,99,0,0.0,True
GF_01478,67,2,0.029850746268656716,True
GF_01479,58,0,0.0,True
GF_01480,146,0,0.0,True
GF_01481,118,0,0.0,True
GF_01482,147,0,0.0,True
GF_01483,57,0,0.0,True
GF_01484,40,0,0.0,True
GF_01485,105,0,0.0,True
GF_01486,71,0,0.0,True
GF_01487,73,0,0.0,True
GF_01488,120,0,0.0,True
GF_01489,86,0,0.0,True
GF_01490,147,0,0.0,True
GF_01491,90,0,0.0,True
GF_01492,103,0,0.0,True
GF_01493,159,9,0.05660377358490566,True
GF_01494,68,54,0.7941176470588235,False
GF_01495,277,118,0.4259927797833935,False
GF_01496,156,65,0.4166666666666667,False
GF_01497,90,86,0.9555555555555556,True
GF_01498,283,122,0.43109540636042404,False
GF_01499,72,40,0.5555555555555556,False
GF_01500,120,102,0.85,False
GF_01501,441,131,0.29705215419501135,False
GF_01502,285,122,0.4280701754385965,False
GF_01503,106,55,0.5188679245283019,False
GF_01504,81,74,0.9135802469135802,True
GF_01505,54,52,0.9629629629629629,True
GF_01506,49,4,0.08163265306122448,True
GF_01507,99,86,0.8686868686868687,False
GF_01508,55,9,0.16363636363636364,False
GF_01509,45,1,0.022222222222222223,True
GF_01510,224,123,0.5491071428571429,False
GF_01511,90,85,0.9444444444444444,True
GF_01512,49,48,0.9795918367346939,True
GF_01513,47,46,0.9787234042553191,True
GF_01514,250,120,0.48,False
GF_01515,54,53,0.9814814814814815,True
GF_01516,43,42,0.9767441860465116,True
GF_01517,59,57,0.9661016949152542,True
GF_01518,57,56,0.9824561403508771,True
GF_01519,44,40,0.9090909090909091,True
GF_01520,58,57,0.9827586206896551,True
GF_01521,49,48,0.9795918367346939,True
GF_01522,46,44,0.9565217391304348,True
GF_01523,50,48,0.96,True
GF_01524,40,39,0.975,True
GF_01525,54,53,0.9814814814814815,True
GF_01526,62,60,0.967741935483871,True
GF_01527,90,85,0.9444444444444444,True
GF_01528,49,47,0.9591836734693877,True
GF_01529,63,62,0.9841269841269841,True
GF_01530,42,41,0.9761904761904762,True
GF_01531,71,69,0.971830985915493,True
GF_01532,55,32,0.5818181818181818,False
GF_01533,45,44,0.9777777777777777,True
GF_01534,47,46,0.9787234042553191,True
GF_01535,86,84,0.9767441860465116,True
GF_01536,55,54,0.9818181818181818,True
GF_01537,44,26,0.5909090909090909,False
GF_01538,69,67,0.9710144927536232,True
GF_01539,47,46,0.9787234042553191,True
GF_01540,47,46,0.9787234042553191,True
GF_01541,71,69,0.971830985915493,True
GF_01542,40,40,1.0,True
GF_01543,53,53,1.0,True
GF_01544,50,49,0.98,True
GF_01545,45,44,0.9777777777777777,True
GF_01546,64,62,0.96875,True
GF_01547,58,56,0.9655172413793104,True
GF_01548,43,43,1.0,True
GF_01549,48,47,0.9791666666666666,True
GF_01550,43,42,0.9767441860465116,True
GF_01551,42,42,1.0,True
GF_01552,44,42,0.9545454545454546,True
GF_01553,96,85,0.8854166666666666,False
GF_01554,69,66,0.9565217391304348,True
GF_01555,378,119,0.3148148148148148,False
GF_01556,90,83,0.9222222222222223,True
GF_01557,70,68,0.9714285714285714,True
GF_01558,52,50,0.9615384615384616,True
GF_01559,131,96,0.732824427480916,False
GF_01560,89,23,0.25842696629213485,False
GF_01561,258,38,0.14728682170542637,False
GF_01562,52,51,0.9807692307692307,True
GF_01563,54,54,1.0,True
GF_01564,40,39,0.975,True
GF_01565,79,77,0.9746835443037974,True
GF_01566,157,98,0.6242038216560509,False
GF_01567,59,58,0.9830508474576272,True
GF_01568,140,96,0.6857142857142857,False
GF_01569,44,44,1.0,True
GF_01570,70,67,0.9571428571428572,True
GF_01571,76,74,0.9736842105263158,True
GF_01572,79,77,0.9746835443037974,True
GF_01573,57,56,0.9824561403508771,True
GF_01574,97,90,0.9278350515463918,True
GF_01575,46,44,0.9565217391304348,True
GF_01576,50,43,0.86,False
GF_01577,69,67,0.9710144927536232,True
GF_01578,81,79,0.9753086419753086,True
GF_01579,54,53,0.9814814814814815,True
GF_01580,56,55,0.9821428571428571,True
GF_01581,50,48,0.96,True
GF_01582,44,44,1.0,True
GF_01583,64,63,0.984375,True
GF_01584,62,60,0.967741935483871,True
GF_01585,88,84,0.9545454545454546,True
GF_01586,72,70,0.9722222222222222,True
GF_01587,64,62,0.96875,True
GF_01588,47,44,0.9361702127659575,True
GF_01589,58,57,0.9827586206896551,True
GF_01590,53,52,0.9811320754716981,True
GF_01591,53,52,0.9811320754716981,True
GF_01592,70,68,0.9714285714285714,True
GF_01593,50,5,0.1,False
GF_01594,76,11,0.14473684210526316,False
GF_01595,83,76,0.9156626506024096,True
GF_01596,326,103,0.3159509202453988,False
GF_01597,79,72,0.9113924050632911,True
GF_01598,46,12,0.2608695652173913,False
GF_01599,53,9,0.16981132075471697,False
GF_01600,73,29,0.3972602739726027,False
GF_01601,119,27,0.226890756302521,False
GF_01602,46,39,0.8478260869565217,False
GF_01603,94,78,0.8297872340425532,False
GF_01604,130,93,0.7153846153846154,False
GF_01605,47,15,0.3191489361702128,False
GF_01606,107,87,0.8130841121495327,False
GF_01607,42,2,0.047619047619047616,True
GF_01608,42,1,0.023809523809523808,True
GF_01609,93,82,0.8817204301075269,False
GF_01610,48,47,0.9791666666666666,True
GF_01611,56,55,0.9821428571428571,True
GF_01612,77,73,0.948051948051948,True
GF_01613,43,42,0.9767441860465116,True
GF_01614,78,76,0.9743589743589743,True
GF_01615,43,42,0.9767441860465116,True
GF_01616,44,43,0.9772727272727273,True
GF_01617,47,47,1.0,True
GF_01618,59,58,0.9830508474576272,True
GF_01619,64,62,0.96875,True
GF_01620,55,54,0.9818181818181818,True
GF_01621,86,82,0.9534883720930233,True
GF_01622,40,40,1.0,True
GF_01623,41,41,1.0,True
GF_01624,66,64,0.9696969696969697,True
GF_01625,72,70,0.9722222222222222,True
GF_01626,68,66,0.9705882352941176,True
GF_01627,47,46,0.9787234042553191,True
GF_01628,55,54,0.9818181818181818,True
GF_01629,46,46,1.0,True
GF_01630,129,86,0.6666666666666666,False
GF_01631,85,80,0.9411764705882353,True
GF_01632,88,83,0.9431818181818182,True
GF_01633,81,79,0.9753086419753086,True
GF_01634,76,74,0.9736842105263158,True
GF_01635,78,60,0.7692307692307693,False
GF_01636,84,82,0.9761904761904762,True
GF_01637,44,33,0.75,False
GF_01638,61,60,0.9836065573770492,True
GF_01639,73,71,0.9726027397260274,True
GF_01640,81,79,0.9753086419753086,True
GF_01641,73,70,0.958904109589041,True
GF_01642,67,66,0.9850746268656716,True
GF_01643,80,78,0.975,True
GF_01644,68,66,0.9705882352941176,True
GF_01645,56,55,0.9821428571428571,True
GF_01646,47,45,0.9574468085106383,True
GF_01647,41,20,0.4878048780487805,False
GF_01648,41,40,0.975609756097561,True
GF_01649,99,89,0.898989898989899,False
GF_01650,46,26,0.5652173913043478,False
GF_01651,109,99,0.908256880733945,True
GF_01652,107,69,0.6448598130841121,False
GF_01653,41,40,0.975609756097561,True
GF_01654,279,129,0.46236559139784944,False
GF_01655,58,53,0.9137931034482759,True
GF_01656,52,26,0.5,False
GF_01657,169,105,0.621301775147929,False
GF_01658,48,40,0.8333333333333334,False
GF_01659,74,43,0.581081081081081,False
GF_01660,47,38,0.8085106382978723,False
GF_01661,62,18,0.2903225806451613,False
GF_01662,69,28,0.4057971014492754,False
GF_01663,49,19,0.3877551020408163,False
GF_01664,44,10,0.22727272727272727,False
GF_01665,47,13,0.2765957446808511,False
GF_01666,217,23,0.10599078341013825,False
GF_01667,92,75,0.8152173913043478,False
GF_01668,126,88,0.6984126984126984,False
GF_01669,73,67,0.9178082191780822,True
GF_01670,169,91,0.5384615384615384,False
GF_01671,43,1,0.023255813953488372,True
GF_01672,81,51,0.6296296296296297,False
GF_01673,94,58,0.6170212765957447,False
GF_01674,123,71,0.5772357723577236,False
GF_01675,160,105,0.65625,False
GF_01676,40,0,0.0,True
GF_01677,44,3,0.06818181818181818,True
GF_01678,126,97,0.7698412698412699,False
GF_01679,82,80,0.975609756097561,True
GF_01680,50,49,0.98,True
GF_01681,89,84,0.9438202247191011,True
GF_01682,68,60,0.8823529411764706,False
GF_01683,42,41,0.9761904761904762,True
GF_01684,60,56,0.9333333333333333,True
GF_01685,81,76,0.9382716049382716,True
GF_01686,40,39,0.975,True
GF_01687,42,41,0.9761904761904762,True
GF_01688,52,49,0.9423076923076923,True
GF_01689,44,44,1.0,True
GF_01690,60,59,0.9833333333333333,True
GF_01691,51,50,0.9803921568627451,True
GF_01692,74,72,0.972972972972973,True
GF_01693,48,47,0.9791666666666666,True
GF_01694,46,45,0.9782608695652174,True
GF_01695,77,75,0.974025974025974,True
GF_01696,76,74,0.9736842105263158,True
GF_01697,69,67,0.9710144927536232,True
GF_01698,48,47,0.9791666666666666,True
GF_01699,92,69,0.75,False
GF_01700,69,25,0.36231884057971014,False
GF_01701,100,83,0.83,False
GF_01702,90,86,0.9555555555555556,True
GF_01703,75,73,0.9733333333333334,True
GF_01704,70,68,0.9714285714285714,True
GF_01705,42,42,1.0,True
GF_01706,46,45,0.9782608695652174,True
GF_01707,44,44,1.0,True
GF_01708,93,86,0.9247311827956989,True
GF_01709,51,50,0.9803921568627451,True
GF_01710,73,72,0.9863013698630136,True
GF_01711,65,59,0.9076923076923077,True
GF_01712,41,15,0.36585365853658536,False
GF_01713,77,75,0.974025974025974,True
GF_01714,57,55,0.9649122807017544,True
GF_01715,65,63,0.9692307692307692,True
GF_01716,75,69,0.92,True
GF_01717,43,43,1.0,True
GF_01718,43,42,0.9767441860465116,True
GF_01719,70,68,0.9714285714285714,True
GF_01720,246,119,0.483739837398374,False
GF_01721,68,12,0.17647058823529413,False
GF_01722,161,95,0.5900621118012422,False
GF_01723,124,87,0.7016129032258065,False
GF_01724,50,0,0.0,True
GF_01725,147,0,0.0,True
GF_01726,42,0,0.0,True
GF_01727,92,0,0.0,True
GF_01728,64,0,0.0,True
GF_01729,42,33,0.7857142857142857,False
GF_01730,120,93,0.775,False
GF_01731,118,92,0.7796610169491526,False
GF_01732,90,85,0.9444444444444444,True
GF_01733,137,96,0.7007299270072993,False
GF_01734,81,77,0.9506172839506173,True
GF_01735,76,68,0.8947368421052632,False
GF_01736,43,37,0.8604651162790697,False
GF_01737,135,29,0.21481481481481482,False
GF_01738,77,75,0.974025974025974,True
GF_01739,61,57,0.9344262295081968,True
GF_01740,84,81,0.9642857142857143,True
GF_01741,114,88,0.7719298245614035,False
GF_01742,121,65,0.5371900826446281,False
GF_01743,175,89,0.5085714285714286,False
GF_01744,46,46,1.0,True
GF_01745,52,51,0.9807692307692307,True
GF_01746,66,62,0.9393939393939394,True
GF_01747,72,70,0.9722222222222222,True
GF_01748,51,51,1.0,True
GF_01749,64,60,0.9375,True
GF_01750,67,65,0.9701492537313433,True
GF_01751,45,44,0.9777777777777777,True
GF_01752,56,55,0.9821428571428571,True
GF_01753,43,42,0.9767441860465116,True
GF_01754,73,71,0.9726027397260274,True
GF_01755,62,59,0.9516129032258065,True
GF_01756,51,3,0.058823529411764705,True
GF_01757,69,11,0.15942028985507245,False
GF_01758,188,90,0.4787234042553192,False
GF_01759,148,93,0.6283783783783784,False
GF_01760,44,42,0.9545454545454546,True
GF_01761,60,39,0.65,False
GF_01762,75,73,0.9733333333333334,True
GF_01763,90,82,0.9111111111111111,True
GF_01764,57,56,0.9824561403508771,True
GF_01765,159,100,0.6289308176100629,False
GF_01766,84,82,0.9761904761904762,True
GF_01767,101,84,0.8316831683168316,False
GF_01768,67,65,0.9701492537313433,True
GF_01769,46,45,0.9782608695652174,True
GF_01770,99,82,0.8282828282828283,False
GF_01771,45,44,0.9777777777777777,True
GF_01772,66,64,0.9696969696969697,True
GF_01773,45,44,0.9777777777777777,True
GF_01774,70,68,0.9714285714285714,True
GF_01775,72,70,0.9722222222222222,True
GF_01776,55,54,0.9818181818181818,True
GF_01777,53,52,0.9811320754716981,True
GF_01778,45,44,0.9777777777777777,True
GF_01779,84,82,0.9761904761904762,True
GF_01780,79,77,0.9746835443037974,True
GF_01781,45,44,0.9777777777777777,True
GF_01782,79,77,0.9746835443037974,True
GF_01783,62,60,0.967741935483871,True
GF_01784,83,81,0.9759036144578314,True
GF_01785,80,53,0.6625,False
GF_01786,50,49,0.98,True
GF_01787,295,130,0.4406779661016949,False
GF_01788,82,80,0.975609756097561,True
GF_01789,56,47,0.8392857142857143,False
GF_01790,52,51,0.9807692307692307,True
GF_01791,69,63,0.9130434782608695,True
GF_01792,64,62,0.96875,True
GF_01793,44,43,0.9772727272727273,True
GF_01794,66,64,0.9696969696969697,True
GF_01795,61,60,0.9836065573770492,True
GF_01796,52,52,1.0,True
GF_01797,54,52,0.9629629629629629,True
GF_01798,57,56,0.9824561403508771,True
GF_01799,65,63,0.9692307692307692,True
GF_01800,58,57,0.9827586206896551,True
GF_01801,54,47,0.8703703703703703,False
GF_01802,76,74,0.9736842105263158,True
GF_01803,62,61,0.9838709677419355,True
GF_01804,49,48,0.9795918367346939,True
GF_01805,62,61,0.9838709677419355,True
GF_01806,44,44,1.0,True
GF_01807,81,78,0.9629629629629629,True
GF_01808,86,82,0.9534883720930233,True
GF_01809,45,42,0.9333333333333333,True
GF_01810,50,19,0.38,False
GF_01811,40,11,0.275,False
GF_01812,50,7,0.14,False
GF_01813,143,75,0.5244755244755245,False
GF_01814,42,1,0.023809523809523808,True
GF_01815,82,18,0.21951219512195122,False
GF_01816,55,18,0.32727272727272727,False
GF_01817,104,93,0.8942307692307693,False
GF_01818,56,25,0.44642857142857145,False
GF_01819,229,112,0.4890829694323144,False
GF_01820,266,26,0.09774436090225563,True
GF_01821,222,120,0.5405405405405406,False
GF_01822,65,53,0.8153846153846154,False
GF_01823,55,48,0.8727272727272727,False
GF_01824,50,45,0.9,True
GF_01825,231,124,0.5367965367965368,False
GF_01826,63,62,0.9841269841269841,True
GF_01827,275,128,0.46545454545454545,False
GF_01828,106,21,0.19811320754716982,False
GF_01829,147,0,0.0,True
GF_01830,57,0,0.0,True
GF_01831,147,0,0.0,True
GF_01832,50,0,0.0,True
GF_01833,147,0,0.0,True
GF_01834,147,0,0.0,True
GF_01835,138,0,0.0,True
GF_01836,109,0,0.0,True
GF_01837,143,0,0.0,True
GF_01838,75,0,0.0,True
GF_01839,147,0,0.0,True
GF_01840,55,0,0.0,True
GF_01841,53,0,0.0,True
GF_01842,45,0,0.0,True
GF_01843,122,0,0.0,True
GF_01844,147,0,0.0,True
GF_01845,52,0,0.0,True
GF_01846,60,0,0.0,True
GF_01847,115,0,0.0,True
GF_01848,77,0,0.0,True
GF_01849,43,0,0.0,True
GF_01850,119,0,0.0,True
GF_01851,147,0,0.0,True
GF_01852,147,0,0.0,True
GF_01853,43,0,0.0,True
GF_01854,41,0,0.0,True
GF_01855,50,16,0.32,False
GF_01856,46,45,0.9782608695652174,True
GF_01857,62,60,0.967741935483871,True
GF_01858,57,34,0.5964912280701754,False
GF_01859,76,74,0.9736842105263158,True
GF_01860,134,104,0.7761194029850746,False
GF_01861,80,78,0.975,True
GF_01862,44,43,0.9772727272727273,True
GF_01863,57,56,0.9824561403508771,True
GF_01864,41,40,0.975609756097561,True
GF_01865,41,41,1.0,True
GF_01866,44,42,0.9545454545454546,True
GF_01867,56,46,0.8214285714285714,False
GF_01868,42,41,0.9761904761904762,True
GF_01869,69,67,0.9710144927536232,True
GF_01870,79,77,0.9746835443037974,True
GF_01871,44,43,0.9772727272727273,True
GF_01872,79,15,0.189873417721519,False
GF_01873,72,67,0.9305555555555556,True
GF_01874,51,49,0.9607843137254902,True
GF_01875,55,54,0.9818181818181818,True
GF_01876,40,40,1.0,True
GF_01877,41,40,0.975609756097561,True
GF_01878,69,67,0.9710144927536232,True
GF_01879,69,67,0.9710144927536232,True
GF_01880,90,80,0.8888888888888888,False
GF_01881,46,46,1.0,True
GF_01882,46,45,0.9782608695652174,True
GF_01883,43,43,1.0,True
GF_01884,82,78,0.9512195121951219,True
GF_01885,48,46,0.9583333333333334,True
GF_01886,47,46,0.9787234042553191,True
GF_01887,66,64,0.9696969696969697,True
GF_01888,48,47,0.9791666666666666,True
GF_01889,65,64,0.9846153846153847,True
GF_01890,87,82,0.9425287356321839,True
GF_01891,79,77,0.9746835443037974,True
GF_01892,49,47,0.9591836734693877,True
GF_01893,84,82,0.9761904761904762,True
GF_01894,56,55,0.9821428571428571,True
GF_01895,77,75,0.974025974025974,True
GF_01896,78,76,0.9743589743589743,True
GF_01897,64,63,0.984375,True
GF_01898,121,77,0.6363636363636364,False
GF_01899,88,84,0.9545454545454546,True
GF_01900,46,44,0.9565217391304348,True
GF_01901,59,57,0.9661016949152542,True
GF_01902,72,59,0.8194444444444444,False
GF_01903,62,8,0.12903225806451613,False
GF_01904,51,50,0.9803921568627451,True
GF_01905,62,47,0.7580645161290323,False
GF_01906,199,116,0.5829145728643216,False
GF_01907,57,23,0.40350877192982454,False
GF_01908,47,28,0.5957446808510638,False
GF_01909,131,72,0.549618320610687,False
GF_01910,41,2,0.04878048780487805,True
GF_01911,72,9,0.125,False
GF_01912,43,8,0.18604651162790697,False
GF_01913,40,1,0.025,True
GF_01914,40,2,0.05,True
GF_01915,48,3,0.0625,True
GF_01916,42,1,0.023809523809523808,True
GF_01917,54,51,0.9444444444444444,True
GF_01918,153,98,0.6405228758169934,False
GF_01919,76,66,0.868421052631579,False
GF_01920,62,56,0.9032258064516129,True
GF_01921,62,58,0.9354838709677419,True
GF_01922,99,85,0.8585858585858586,False
GF_01923,96,85,0.8854166666666666,False
GF_01924,166,30,0.18072289156626506,False
GF_01925,69,39,0.5652173913043478,False
GF_01926,90,85,0.9444444444444444,True
GF_01927,58,54,0.9310344827586207,True
GF_01928,263,114,0.43346007604562736,False
GF_01929,55,51,0.9272727272727272,True
GF_01930,56,52,0.9285714285714286,True
GF_01931,193,101,0.5233160621761658,False
GF_01932,259,114,0.44015444015444016,False
GF_01933,84,82,0.9761904761904762,True
GF_01934,83,81,0.9759036144578314,True
GF_01935,41,29,0.7073170731707317,False
GF_01936,82,80,0.975609756097561,True
GF_01937,82,78,0.9512195121951219,True
GF_01938,50,49,0.98,True
GF_01939,87,83,0.9540229885057471,True
GF_01940,50,50,1.0,True
GF_01941,54,49,0.9074074074074074,True
GF_01942,76,75,0.9868421052631579,True
GF_01943,50,48,0.96,True
GF_01944,84,82,0.9761904761904762,True
GF_01945,62,60,0.967741935483871,True
GF_01946,61,60,0.9836065573770492,True
GF_01947,88,84,0.9545454545454546,True
GF_01948,84,82,0.9761904761904762,True
GF_01949,84,66,0.7857142857142857,False
GF_01950,84,80,0.9523809523809523,True
GF_01951,273,121,0.4432234432234432,False
GF_01952,354,126,0.3559322033898305,False
GF_01953,56,42,0.75,False
GF_01954,323,118,0.3653250773993808,False
GF_01955,46,32,0.6956521739130435,False
GF_01956,60,21,0.35,False
GF_01957,56,23,0.4107142857142857,False
GF_01958,69,62,0.8985507246376812,False
GF_01959,269,118,0.43866171003717475,False
GF_01960,199,105,0.5276381909547738,False
GF_01961,119,105,0.8823529411764706,False
GF_01962,180,97,0.5388888888888889,False
GF_01963,187,100,0.5347593582887701,False
GF_01964,94,74,0.7872340425531915,False
GF_01965,117,101,0.8632478632478633,False
GF_01966,83,78,0.9397590361445783,True
GF_01967,194,111,0.5721649484536082,False
GF_01968,145,35,0.2413793103448276,False
GF_01969,171,85,0.49707602339181284,False
GF_01970,59,10,0.1694915254237288,False
GF_01971,119,0,0.0,True
GF_01972,147,0,0.0,True
GF_01973,147,0,0.0,True
GF_01974,58,0,0.0,True
GF_01975,45,0,0.0,True
GF_01976,109,0,0.0,True
GF_01977,95,0,0.0,True
GF_01978,116,0,0.0,True
GF_01979,45,0,0.0,True
GF_01980,41,0,0.0,True
GF_01981,147,0,0.0,True
GF_01982,95,0,0.0,True
GF_01983,83,0,0.0,True
GF_01984,147,0,0.0,True
GF_01985,55,0,0.0,True
GF_01986,145,0,0.0,True
GF_01987,122,0,0.0,True
GF_01988,40,0,0.0,True
GF_01989,74,0,0.0,True
GF_01990,43,0,0.0,True
GF_01991,95,0,0.0,True
GF_01992,96,0,0.0,True
GF_01993,70,0,0.0,True
GF_01994,147,0,0.0,True
GF_01995,55,0,0.0,True
GF_01996,72,0,0.0,True
GF_01997,53,0,0.0,True
GF_01998,69,0,0.0,True
GF_01999,40,0,0.0,True
GF_02000,70,0,0.0,True
GF_02001,122,0,0.0,True
GF_02002,72,0,0.0,True
GF_02003,108,0,0.0,True
GF_02004,109,0,0.0,True
GF_02005,147,0,0.0,True
GF_02006,109,0,0.0,True
GF_02007,104,0,0.0,True
GF_02008,68,0,0.0,True
GF_02009,53,0,0.0,True
GF_02010,147,0,0.0,True
GF_02011,76,0,0.0,True
GF_02012,91,0,0.0,True
GF_02013,63,0,0.0,True
GF_02014,72,0,0.0,True
GF_02015,147,0,0.0,True
GF_02016,147,0,0.0,True
GF_02017,63,7,0.1111111111111111,False
GF_02018,99,22,0.2222222222222222,False
GF_02019,129,34,0.26356589147286824,False
GF_02020,94,36,0.3829787234042553,False
GF_02021,59,18,0.3050847457627119,False
GF_02022,71,69,0.971830985915493,True
GF_02023,72,70,0.9722222222222222,True
GF_02024,84,82,0.9761904761904762,True
GF_02025,77,75,0.974025974025974,True
GF_02026,54,52,0.9629629629629629,True
GF_02027,82,79,0.9634146341463414,True
GF_02028,247,125,0.5060728744939271,False
GF_02029,82,80,0.975609756097561,True
GF_02030,69,67,0.9710144927536232,True
GF_02031,64,62,0.96875,True
GF_02032,70,68,0.9714285714285714,True
GF_02033,68,66,0.9705882352941176,True
GF_02034,69,67,0.9710144927536232,True
GF_02035,86,82,0.9534883720930233,True
GF_02036,77,73,0.948051948051948,True
GF_02037,58,57,0.9827586206896551,True
GF_02038,77,75,0.974025974025974,True
GF_02039,42,41,0.9761904761904762,True
GF_02040,51,50,0.9803921568627451,True
GF_02041,51,50,0.9803921568627451,True
GF_02042,82,78,0.9512195121951219,True
GF_02043,72,69,0.9583333333333334,True
GF_02044,49,48,0.9795918367346939,True
GF_02045,83,81,0.9759036144578314,True
GF_02046,80,78,0.975,True
GF_02047,46,45,0.9782608695652174,True
GF_02048,48,48,1.0,True
GF_02049,45,44,0.9777777777777777,True
GF_02050,53,52,0.9811320754716981,True
GF_02051,50,49,0.98,True
GF_02052,53,46,0.8679245283018868,False
GF_02053,57,55,0.9649122807017544,True
GF_02054,81,77,0.9506172839506173,True
GF_02055,79,77,0.9746835443037974,True
GF_02056,45,43,0.9555555555555556,True
GF_02057,40,39,0.975,True
GF_02058,56,51,0.9107142857142857,True
GF_02059,47,45,0.9574468085106383,True
GF_02060,57,54,0.9473684210526315,True
GF_02061,43,42,0.9767441860465116,True
GF_02062,40,36,0.9,True
GF_02063,65,64,0.9846153846153847,True
GF_02064,42,41,0.9761904761904762,True
GF_02065,44,44,1.0,True
GF_02066,52,49,0.9423076923076923,True
GF_02067,82,80,0.975609756097561,True
GF_02068,112,91,0.8125,False
GF_02069,57,55,0.9649122807017544,True
GF_02070,60,59,0.9833333333333333,True
GF_02071,72,69,0.9583333333333334,True
GF_02072,55,15,0.2727272727272727,False
GF_02073,300,107,0.3566666666666667,False
GF_02074,71,14,0.19718309859154928,False
GF_02075,75,12,0.16,False
GF_02076,78,10,0.1282051282051282,False
GF_02077,46,12,0.2608695652173913,False
GF_02078,47,0,0.0,True
GF_02079,42,0,0.0,True
GF_02080,53,0,0.0,True
GF_02081,52,0,0.0,True
GF_02082,47,0,0.0,True
GF_02083,65,0,0.0,True
GF_02084,92,0,0.0,True
GF_02085,91,0,0.0,True
GF_02086,49,0,0.0,True
GF_02087,147,0,0.0,True
GF_02088,73,0,0.0,True
GF_02089,52,0,0.0,True
GF_02090,141,0,0.0,True
GF_02091,48,0,0.0,True
GF_02092,162,0,0.0,True
GF_02093,102,7,0.06862745098039216,True
GF_02094,50,7,0.14,False
GF_02095,43,2,0.046511627906976744,True
GF_02096,47,6,0.1276595744680851,False
GF_02097,80,4,0.05,True
GF_02098,51,3,0.058823529411764705,True
GF_02099,42,1,0.023809523809523808,True
GF_02100,57,4,0.07017543859649122,True
GF_02101,48,7,0.14583333333333334,False
GF_02102,45,4,0.08888888888888889,True
GF_02103,42,1,0.023809523809523808,True
GF_02104,142,89,0.6267605633802817,False
GF_02105,76,16,0.21052631578947367,False
GF_02106,105,79,0.7523809523809524,False
GF_02107,272,119,0.4375,False
GF_02108,42,8,0.19047619047619047,False
GF_02109,161,99,0.6149068322981367,False
GF_02110,86,12,0.13953488372093023,False
GF_02111,134,53,0.39552238805970147,False
GF_02112,67,8,0.11940298507462686,False
GF_02113,163,95,0.5828220858895705,False
GF_02114,54,53,0.9814814814814815,True
GF_02115,46,45,0.9782608695652174,True
GF_02116,82,80,0.975609756097561,True
GF_02117,74,68,0.918918918918919,True
GF_02118,148,104,0.7027027027027027,False
GF_02119,43,42,0.9767441860465116,True
GF_02120,46,45,0.9782608695652174,True
GF_02121,55,55,1.0,True
GF_02122,67,65,0.9701492537313433,True
GF_02123,75,72,0.96,True
GF_02124,50,48,0.96,True
GF_02125,85,81,0.9529411764705882,True
GF_02126,84,82,0.9761904761904762,True
GF_02127,84,82,0.9761904761904762,True
GF_02128,40,40,1.0,True
GF_02129,78,76,0.9743589743589743,True
GF_02130,52,50,0.9615384615384616,True
GF_02131,69,58,0.8405797101449275,False
GF_02132,87,83,0.9540229885057471,True
GF_02133,53,52,0.9811320754716981,True
GF_02134,81,79,0.9753086419753086,True
GF_02135,94,30,0.3191489361702128,False
GF_02136,45,40,0.8888888888888888,False
GF_02137,49,48,0.9795918367346939,True
GF_02138,51,51,1.0,True
GF_02139,70,67,0.9571428571428572,True
GF_02140,83,79,0.9518072289156626,True
GF_02141,55,54,0.9818181818181818,True
GF_02142,53,52,0.9811320754716981,True
GF_02143,55,54,0.9818181818181818,True
GF_02144,46,46,1.0,True
GF_02145,73,29,0.3972602739726027,False
GF_02146,42,42,1.0,True
GF_02147,63,60,0.9523809523809523,True
GF_02148,59,58,0.9830508474576272,True
GF_02149,59,58,0.9830508474576272,True
GF_02150,72,70,0.9722222222222222,True
GF_02151,58,56,0.9655172413793104,True
GF_02152,83,69,0.8313253012048193,False
GF_02153,267,122,0.45692883895131087,False
GF_02154,41,39,0.9512195121951219,True
GF_02155,43,43,1.0,True
GF_02156,67,63,0.9402985074626866,True
GF_02157,121,98,0.8099173553719008,False
GF_02158,47,46,0.9787234042553191,True
GF_02159,85,55,0.6470588235294118,False
GF_02160,42,41,0.9761904761904762,True
GF_02161,52,51,0.9807692307692307,True
GF_02162,308,118,0.38311688311688313,False
GF_02163,47,46,0.9787234042553191,True
GF_02164,68,63,0.9264705882352942,True
GF_02165,48,47,0.9791666666666666,True
GF_02166,120,103,0.8583333333333333,False
GF_02167,147,111,0.7551020408163265,False
GF_02168,56,55,0.9821428571428571,True
GF_02169,50,48,0.96,True
GF_02170,46,45,0.9782608695652174,True
GF_02171,60,54,0.9,True
GF_02172,80,78,0.975,True
GF_02173,50,49,0.98,True
GF_02174,58,57,0.9827586206896551,True
GF_02175,47,46,0.9787234042553191,True
GF_02176,84,80,0.9523809523809523,True
GF_02177,41,1,0.024390243902439025,True
GF_02178,60,48,0.8,False
GF_02179,119,68,0.5714285714285714,False
GF_02180,66,12,0.18181818181818182,False
GF_02181,449,131,0.29175946547884185,False
GF_02182,41,4,0.0975609756097561,True
GF_02183,172,105,0.6104651162790697,False
GF_02184,72,11,0.1527777777777778,False
GF_02185,52,7,0.1346153846153846,False
GF_02186,79,77,0.9746835443037974,True
GF_02187,57,55,0.9649122807017544,True
GF_02188,83,81,0.9759036144578314,True
GF_02189,54,53,0.9814814814814815,True
GF_02190,66,64,0.9696969696969697,True
GF_02191,64,63,0.984375,True
GF_02192,58,57,0.9827586206896551,True
GF_02193,48,46,0.9583333333333334,True
GF_02194,48,46,0.9583333333333334,True
GF_02195,61,59,0.9672131147540983,True
GF_02196,57,55,0.9649122807017544,True
GF_02197,62,57,0.9193548387096774,True
GF_02198,64,62,0.96875,True
GF_02199,67,65,0.9701492537313433,True
GF_02200,41,40,0.975609756097561,True
GF_02201,53,51,0.9622641509433962,True
GF_02202,77,75,0.974025974025974,True
GF_02203,84,82,0.9761904761904762,True
GF_02204,84,82,0.9761904761904762,True
GF_02205,131,86,0.6564885496183206,False
GF_02206,129,91,0.7054263565891473,False
GF_02207,46,43,0.9347826086956522,True
GF_02208,41,41,1.0,True
GF_02209,63,50,0.7936507936507936,False
GF_02210,42,41,0.9761904761904762,True
GF_02211,84,82,0.9761904761904762,True
GF_02212,136,92,0.6764705882352942,False
GF_02213,53,53,1.0,True
GF_02214,52,14,0.2692307692307692,False
GF_02215,42,5,0.11904761904761904,False
GF_02216,127,77,0.6062992125984252,False
GF_02217,173,101,0.5838150289017341,False
GF_02218,50,0,0.0,True
GF_02219,47,0,0.0,True
GF_02220,60,0,0.0,True
GF_02221,87,0,0.0,True
GF_02222,146,0,0.0,True
GF_02223,65,0,0.0,True
GF_02224,50,0,0.0,True
GF_02225,45,0,0.0,True
GF_02226,101,0,0.0,True
GF_02227,66,2,0.030303030303030304,True
GF_02228,117,0,0.0,True
GF_02229,52,0,0.0,True
GF_02230,106,3,0.02830188679245283,True
GF_02231,117,0,0.0,True
GF_02232,161,0,0.0,True
GF_02233,93,0,0.0,True
GF_02234,147,0,0.0,True
GF_02235,147,0,0.0,True
GF_02236,41,0,0.0,True
GF_02237,105,0,0.0,True
GF_02238,51,0,0.0,True
GF_02239,63,0,0.0,True
GF_02240,137,0,0.0,True
GF_02241,42,0,0.0,True
GF_02242,41,0,0.0,True
GF_02243,64,0,0.0,True
GF_02244,52,0,0.0,True
GF_02245,70,0,0.0,True
GF_02246,69,0,0.0,True
GF_02247,55,0,0.0,True
GF_02248,131,0,0.0,True
GF_02249,59,0,0.0,True
GF_02250,103,0,0.0,True
GF_02251,140,0,0.0,True
GF_02252,70,0,0.0,True
GF_02253,43,0,0.0,True
GF_02254,43,0,0.0,True
GF_02255,43,0,0.0,True
GF_02256,67,0,0.0,True
GF_02257,51,0,0.0,True
GF_02258,90,0,0.0,True
GF_02259,49,0,0.0,True
GF_02260,89,0,0.0,True
GF_02261,49,0,0.0,True
GF_02262,136,0,0.0,True
GF_02263,52,0,0.0,True
GF_02264,55,0,0.0,True
GF_02265,44,0,0.0,True
GF_02266,127,0,0.0,True
GF_02267,147,0,0.0,True
GF_02268,147,0,0.0,True
GF_02269,147,0,0.0,True
GF_02270,147,0,0.0,True
GF_02271,73,0,0.0,True
GF_02272,73,0,0.0,True
GF_02273,103,0,0.0,True
GF_02274,141,0,0.0,True
GF_02275,68,0,0.0,True
GF_02276,72,0,0.0,True
GF_02277,69,0,0.0,True
GF_02278,68,0,0.0,True
GF_02279,40,0,0.0,True
GF_02280,41,0,0.0,True
GF_02281,47,0,0.0,True
GF_02282,49,0,0.0,True
GF_02283,88,0,0.0,True
GF_02284,90,0,0.0,True
GF_02285,123,0,0.0,True
GF_02286,85,0,0.0,True
GF_02287,111,0,0.0,True
GF_02288,42,0,0.0,True
GF_02289,153,1,0.006535947712418301,True
GF_02290,65,0,0.0,True
GF_02291,119,0,0.0,True
GF_02292,51,0,0.0,True
GF_02293,75,0,0.0,True
GF_02294,125,0,0.0,True
GF_02295,82,19,0.23170731707317074,False
GF_02296,46,0,0.0,True
GF_02297,110,0,0.0,True
GF_02298,65,0,0.0,True
GF_02299,88,0,0.0,True
GF_02300,89,0,0.0,True
GF_02301,40,0,0.0,True
GF_02302,75,0,0.0,True
GF_02303,147,0,0.0,True
GF_02304,60,0,0.0,True
GF_02305,75,0,0.0,True
GF_02306,46,0,0.0,True
GF_02307,147,0,0.0,True
GF_02308,43,0,0.0,True
GF_02309,138,0,0.0,True
GF_02310,43,0,0.0,True
GF_02311,53,0,0.0,True
GF_02312,51,0,0.0,True
GF_02313,50,0,0.0,True
GF_02314,52,0,0.0,True
GF_02315,55,0,0.0,True
GF_02316,59,6,0.1016949152542373,False
GF_02317,119,0,0.0,True
GF_02318,133,0,0.0,True
GF_02319,105,0,0.0,True
GF_02320,73,0,0.0,True
GF_02321,104,0,0.0,True
GF_02322,44,0,0.0,True
GF_02323,150,3,0.02,True
GF_02324,75,0,0.0,True
GF_02325,50,0,0.0,True
GF_02326,71,0,0.0,True
GF_02327,88,0,0.0,True
GF_02328,51,0,0.0,True
GF_02329,71,0,0.0,True
GF_02330,108,0,0.0,True
GF_02331,40,0,0.0,True
GF_02332,295,116,0.39322033898305087,False
GF_02333,63,0,0.0,True
GF_02334,41,0,0.0,True
GF_02335,40,0,0.0,True
GF_02336,101,0,0.0,True
GF_02337,50,0,0.0,True
GF_02338,51,0,0.0,True
GF_02339,44,0,0.0,True
GF_02340,212,30,0.14150943396226415,False
GF_02341,52,0,0.0,True
GF_02342,74,0,0.0,True
GF_02343,72,0,0.0,True
GF_02344,70,0,0.0,True
GF_02345,168,2,0.011904761904761904,True
GF_02346,48,0,0.0,True
GF_02347,109,0,0.0,True
GF_02348,51,0,0.0,True
GF_02349,77,0,0.0,True
GF_02350,147,0,0.0,True
GF_02351,142,0,0.0,True
GF_02352,58,0,0.0,True
GF_02353,40,0,0.0,True
GF_02354,100,0,0.0,True
GF_02355,48,0,0.0,True
GF_02356,44,0,0.0,True
GF_02357,65,0,0.0,True
GF_02358,50,0,0.0,True
GF_02359,69,0,0.0,True
GF_02360,63,32,0.5079365079365079,False
GF_02361,61,37,0.6065573770491803,False
GF_02362,147,0,0.0,True
GF_02363,49,0,0.0,True
GF_02364,52,0,0.0,True
GF_02365,46,0,0.0,True
GF_02366,65,0,0.0,True
GF_02367,140,0,0.0,True
GF_02368,43,0,0.0,True
GF_02369,45,0,0.0,True
GF_02370,71,0,0.0,True
GF_02371,189,92,0.48677248677248675,False
GF_02372,52,15,0.28846153846153844,False
GF_02373,74,59,0.7972972972972973,False
GF_02374,42,12,0.2857142857142857,False
GF_02375,272,127,0.46691176470588236,False
GF_02376,74,9,0.12162162162162163,False
GF_02377,271,124,0.4575645756457565,False
GF_02378,86,84,0.9767441860465116,True
GF_02379,121,100,0.8264462809917356,False
GF_02380,63,61,0.9682539682539683,True
GF_02381,69,67,0.9710144927536232,True
GF_02382,53,52,0.9811320754716981,True
GF_02383,61,59,0.9672131147540983,True
GF_02384,42,42,1.0,True
GF_02385,61,60,0.9836065573770492,True
GF_02386,59,58,0.9830508474576272,True
GF_02387,288,127,0.4409722222222222,False
GF_02388,52,11,0.21153846153846154,False
GF_02389,193,106,0.5492227979274611,False
GF_02390,269,41,0.1524163568773234,False
GF_02391,45,11,0.24444444444444444,False
GF_02392,68,63,0.9264705882352942,True
GF_02393,140,105,0.75,False
GF_02394,54,24,0.4444444444444444,False
GF_02395,186,116,0.6236559139784946,False
GF_02396,97,60,0.6185567010309279,False
GF_02397,136,101,0.7426470588235294,False
GF_02398,41,8,0.1951219512195122,False
GF_02399,41,40,0.975609756097561,True
GF_02400,45,44,0.9777777777777777,True
GF_02401,91,85,0.9340659340659341,True
GF_02402,78,76,0.9743589743589743,True
GF_02403,127,96,0.7559055118110236,False
GF_02404,45,44,0.9777777777777777,True
GF_02405,80,78,0.975,True
GF_02406,115,94,0.8173913043478261,False
GF_02407,72,70,0.9722222222222222,True
GF_02408,61,60,0.9836065573770492,True
GF_02409,71,69,0.971830985915493,True
GF_02410,52,51,0.9807692307692307,True
GF_02411,127,74,0.5826771653543307,False
GF_02412,186,99,0.532258064516129,False
GF_02413,74,70,0.9459459459459459,True
GF_02414,94,87,0.925531914893617,True
GF_02415,56,53,0.9464285714285714,True
GF_02416,66,62,0.9393939393939394,True
GF_02417,77,73,0.948051948051948,True
GF_02418,73,71,0.9726027397260274,True
GF_02419,45,44,0.9777777777777777,True
GF_02420,47,46,0.9787234042553191,True
GF_02421,41,40,0.975609756097561,True
GF_02422,54,53,0.9814814814814815,True
GF_02423,45,45,1.0,True
GF_02424,70,67,0.9571428571428572,True
GF_02425,75,71,0.9466666666666667,True
GF_02426,57,55,0.9649122807017544,True
GF_02427,67,65,0.9701492537313433,True
GF_02428,42,40,0.9523809523809523,True
GF_02429,67,64,0.9552238805970149,True
GF_02430,40,40,1.0,True
GF_02431,47,46,0.9787234042553191,True
GF_02432,73,71,0.9726027397260274,True
GF_02433,56,14,0.25,False
GF_02434,45,10,0.2222222222222222,False
GF_02435,47,15,0.3191489361702128,False
GF_02436,45,4,0.08888888888888889,True
GF_02437,57,14,0.24561403508771928,False
GF_02438,48,7,0.14583333333333334,False
GF_02439,70,15,0.21428571428571427,False
GF_02440,121,68,0.5619834710743802,False
GF_02441,47,13,0.2765957446808511,False
GF_02442,66,11,0.16666666666666666,False
GF_02443,58,17,0.29310344827586204,False
GF_02444,290,122,0.4206896551724138,False
GF_02445,55,14,0.2545454545454545,False
GF_02446,64,14,0.21875,False
GF_02447,77,21,0.2727272727272727,False
GF_02448,60,9,0.15,False
GF_02449,58,9,0.15517241379310345,False
GF_02450,51,0,0.0,True
GF_02451,109,0,0.0,True
GF_02452,82,0,0.0,True
GF_02453,40,0,0.0,True
GF_02454,41,0,0.0,True
GF_02455,65,0,0.0,True
GF_02456,85,0,0.0,True
GF_02457,90,0,0.0,True
GF_02458,447,131,0.2930648769574944,False
GF_02459,81,44,0.5432098765432098,False
GF_02460,43,19,0.4418604651162791,False
GF_02461,83,81,0.9759036144578314,True
GF_02462,79,77,0.9746835443037974,True
GF_02463,63,61,0.9682539682539683,True
GF_02464,106,80,0.7547169811320755,False
GF_02465,71,69,0.971830985915493,True
GF_02466,77,64,0.8311688311688312,False
GF_02467,47,46,0.9787234042553191,True
GF_02468,52,51,0.9807692307692307,True
GF_02469,57,56,0.9824561403508771,True
GF_02470,45,44,0.9777777777777777,True
GF_02471,59,58,0.9830508474576272,True
GF_02472,45,44,0.9777777777777777,True
GF_02473,64,60,0.9375,True
GF_02474,46,46,1.0,True
GF_02475,77,75,0.974025974025974,True
GF_02476,81,76,0.9382716049382716,True
GF_02477,46,45,0.9782608695652174,True
GF_02478,50,49,0.98,True
GF_02479,81,79,0.9753086419753086,True
GF_02480,42,42,1.0,True
GF_02481,56,55,0.9821428571428571,True
GF_02482,49,46,0.9387755102040817,True
GF_02483,49,49,1.0,True
GF_02484,40,39,0.975,True
GF_02485,88,77,0.875,False
GF_02486,59,58,0.9830508474576272,True
GF_02487,87,83,0.9540229885057471,True
GF_02488,85,81,0.9529411764705882,True
GF_02489,47,45,0.9574468085106383,True
GF_02490,40,40,1.0,True
GF_02491,40,38,0.95,True
GF_02492,52,51,0.9807692307692307,True
GF_02493,55,53,0.9636363636363636,True
GF_02494,85,76,0.8941176470588236,False
GF_02495,88,84,0.9545454545454546,True
GF_02496,78,74,0.9487179487179487,True
GF_02497,47,46,0.9787234042553191,True
GF_02498,41,40,0.975609756097561,True
GF_02499,59,56,0.9491525423728814,True
GF_02500,117,0,0.0,True
GF_02501,91,0,0.0,True
GF_02502,117,0,0.0,True
GF_02503,93,0,0.0,True
GF_02504,88,0,0.0,True
GF_02505,57,0,0.0,True
GF_02506,147,0,0.0,True
GF_02507,42,0,0.0,True
GF_02508,119,0,0.0,True
GF_02509,87,0,0.0,True
GF_02510,141,0,0.0,True
GF_02511,94,0,0.0,True
GF_02512,87,0,0.0,True
GF_02513,102,84,0.8235294117647058,False
GF_02514,72,24,0.3333333333333333,False
GF_02515,72,54,0.75,False
GF_02516,58,44,0.7586206896551724,False
GF_02517,65,49,0.7538461538461538,False
GF_02518,60,48,0.8,False
GF_02519,55,28,0.509090909090909,False
GF_02520,93,92,0.989247311827957,True
GF_02521,42,12,0.2857142857142857,False
GF_02522,141,98,0.6950354609929078,False
GF_02523,58,13,0.22413793103448276,False
GF_02524,63,3,0.047619047619047616,True
GF_02525,140,100,0.7142857142857143,False
GF_02526,64,0,0.0,True
GF_02527,90,0,0.0,True
GF_02528,58,0,0.0,True
GF_02529,82,0,0.0,True
GF_02530,84,7,0.08333333333333333,True
GF_02531,117,0,0.0,True
GF_02532,61,0,0.0,True
GF_02533,64,0,0.0,True
GF_02534,91,0,0.0,True
GF_02535,90,0,0.0,True
GF_02536,42,0,0.0,True
GF_02537,66,4,0.06060606060606061,True
GF_02538,147,0,0.0,True
GF_02539,47,0,0.0,True
GF_02540,80,0,0.0,True
GF_02541,142,0,0.0,True
GF_02542,147,0,0.0,True
GF_02543,74,0,0.0,True
GF_02544,42,0,0.0,True
GF_02545,51,0,0.0,True
GF_02546,244,15,0.06147540983606557,True
GF_02547,143,0,0.0,True
GF_02548,147,0,0.0,True
GF_02549,65,0,0.0,True
GF_02550,73,0,0.0,True
