gene_family,n_members,n_genomes,n_diazotroph,n_non_diazo,n_genera,frac_diazotroph
GF_00000,119,119,38,81,37,0.31932773109243695
GF_00001,99,99,81,18,31,0.8181818181818182
GF_00002,53,53,52,1,12,0.9811320754716981
GF_00003,88,88,80,8,26,0.9090909090909091
GF_00004,41,41,40,1,11,0.975609756097561
GF_00005,44,44,44,0,9,1.0
GF_00006,46,46,45,1,9,0.9782608695652174
GF_00007,59,59,58,1,13,0.9830508474576272
GF_00008,69,69,67,2,16,0.9710144927536232
GF_00009,66,66,64,2,14,0.9696969696969697
GF_00010,86,86,82,4,21,0.9534883720930233
GF_00011,108,108,81,27,32,0.75
GF_00012,42,42,42,0,11,1.0
GF_00013,63,63,61,2,14,0.9682539682539683
GF_00014,47,47,46,1,9,0.9787234042553191
GF_00015,50,50,49,1,11,0.98
GF_00016,83,83,81,2,18,0.9759036144578314
GF_00017,64,64,61,3,17,0.953125
GF_00018,75,75,73,2,17,0.9733333333333334
GF_00019,43,40,43,0,7,1.0
GF_00020,77,77,75,2,18,0.974025974025974
GF_00021,51,51,50,1,12,0.9803921568627451
GF_00022,58,58,57,1,15,0.9827586206896551
GF_00023,49,47,46,3,14,0.9387755102040817
GF_00024,81,81,79,2,18,0.9753086419753086
GF_00025,49,49,48,1,11,0.9795918367346939
GF_00026,46,46,45,1,10,0.9782608695652174
GF_00027,78,78,76,2,17,0.9743589743589743
GF_00028,115,115,83,32,24,0.7217391304347827
GF_00029,44,44,43,1,9,0.9772727272727273
GF_00030,59,59,57,2,13,0.9661016949152542
GF_00031,48,48,47,1,11,0.9791666666666666
GF_00032,73,73,70,3,18,0.958904109589041
GF_00033,74,74,72,2,16,0.972972972972973
GF_00034,166,166,108,58,51,0.6506024096385542
GF_00035,66,64,64,2,15,0.9696969696969697
GF_00036,139,139,101,38,41,0.7266187050359713
GF_00037,59,59,58,1,13,0.9830508474576272
GF_00038,54,54,53,1,13,0.9814814814814815
GF_00039,66,66,64,2,14,0.9696969696969697
GF_00040,108,108,91,17,31,0.8425925925925926
GF_00041,80,80,78,2,19,0.975
GF_00042,54,54,54,0,14,1.0
GF_00043,84,84,82,2,19,0.9761904761904762
GF_00044,59,59,58,1,15,0.9830508474576272
GF_00045,59,59,58,1,13,0.9830508474576272
GF_00046,83,83,81,2,19,0.9759036144578314
GF_00047,47,47,45,2,14,0.9574468085106383
GF_00048,72,72,70,2,15,0.9722222222222222
GF_00049,88,88,84,4,23,0.9545454545454546
GF_00050,58,58,57,1,16,0.9827586206896551
GF_00051,87,87,83,4,22,0.9540229885057471
GF_00052,53,53,37,16,10,0.6981132075471698
GF_00053,52,52,52,0,11,1.0
GF_00054,82,82,80,2,18,0.975609756097561
GF_00055,67,67,65,2,15,0.9701492537313433
GF_00056,83,83,79,4,21,0.9518072289156626
GF_00057,66,66,63,3,21,0.9545454545454546
GF_00058,73,73,64,9,20,0.8767123287671232
GF_00059,62,62,60,2,16,0.967741935483871
GF_00060,71,71,69,2,16,0.971830985915493
GF_00061,41,41,40,1,7,0.975609756097561
GF_00062,58,58,57,1,14,0.9827586206896551
GF_00063,43,43,41,2,13,0.9534883720930233
GF_00064,41,41,39,2,11,0.9512195121951219
GF_00065,53,53,52,1,16,0.9811320754716981
GF_00066,140,140,96,44,44,0.6857142857142857
GF_00067,61,61,59,2,12,0.9672131147540983
GF_00068,56,56,54,2,13,0.9642857142857143
GF_00069,52,52,51,1,10,0.9807692307692307
GF_00070,43,43,42,1,12,0.9767441860465116
GF_00071,158,158,106,52,46,0.6708860759493671
GF_00072,84,84,81,3,22,0.9642857142857143
GF_00073,65,65,61,4,17,0.9384615384615385
GF_00074,105,105,89,16,33,0.8476190476190476
GF_00075,45,45,43,2,11,0.9555555555555556
GF_00076,56,56,55,1,16,0.9821428571428571
GF_00077,80,80,67,13,20,0.8375
GF_00078,41,41,40,1,12,0.975609756097561
GF_00079,291,291,127,164,75,0.436426116838488
GF_00080,84,84,82,2,19,0.9761904761904762
GF_00081,96,96,87,9,26,0.90625
GF_00082,56,56,54,2,10,0.9642857142857143
GF_00083,80,80,78,2,19,0.975
GF_00084,43,43,41,2,9,0.9534883720930233
GF_00085,59,59,58,1,12,0.9830508474576272
GF_00086,83,83,80,3,20,0.963855421686747
GF_00087,73,73,71,2,18,0.9726027397260274
GF_00088,56,56,54,2,11,0.9642857142857143
GF_00089,69,69,67,2,15,0.9710144927536232
GF_00090,70,70,68,2,15,0.9714285714285714
GF_00091,50,46,49,1,10,0.98
GF_00092,41,41,37,4,16,0.9024390243902439
GF_00093,76,76,73,3,19,0.9605263157894737
GF_00094,68,68,66,2,17,0.9705882352941176
GF_00095,76,75,74,2,16,0.9736842105263158
GF_00096,76,76,72,4,18,0.9473684210526315
GF_00097,70,69,68,2,17,0.9714285714285714
GF_00098,85,85,81,4,22,0.9529411764705882
GF_00099,49,49,26,23,19,0.5306122448979592
GF_00100,70,70,68,2,16,0.9714285714285714
GF_00101,70,70,68,2,16,0.9714285714285714
GF_00102,42,42,41,1,8,0.9761904761904762
GF_00103,204,204,112,92,56,0.5490196078431373
GF_00104,289,289,127,162,72,0.43944636678200694
GF_00105,165,165,22,143,36,0.13333333333333333
GF_00106,40,40,5,35,6,0.125
GF_00107,41,41,5,36,7,0.12195121951219512
GF_00108,138,138,92,46,32,0.6666666666666666
GF_00109,43,43,2,41,4,0.046511627906976744
GF_00110,44,44,44,0,13,1.0
GF_00111,54,54,53,1,12,0.9814814814814815
GF_00112,168,168,107,61,50,0.6369047619047619
GF_00113,78,78,76,2,18,0.9743589743589743
GF_00114,446,445,130,316,79,0.2914798206278027
GF_00115,74,74,72,2,18,0.972972972972973
GF_00116,60,60,59,1,18,0.9833333333333333
GF_00117,87,87,83,4,24,0.9540229885057471
GF_00118,93,93,89,4,24,0.956989247311828
GF_00119,45,45,45,0,10,1.0
GF_00120,99,99,88,11,32,0.8888888888888888
GF_00121,56,56,55,1,12,0.9821428571428571
GF_00122,66,66,63,3,18,0.9545454545454546
GF_00123,146,145,101,45,51,0.6917808219178082
GF_00124,97,97,75,22,29,0.7731958762886598
GF_00125,88,88,84,4,22,0.9545454545454546
GF_00126,59,59,58,1,12,0.9830508474576272
GF_00127,51,51,50,1,12,0.9803921568627451
GF_00128,49,49,41,8,12,0.8367346938775511
GF_00129,71,71,69,2,16,0.971830985915493
GF_00130,56,56,55,1,13,0.9821428571428571
GF_00131,85,85,81,4,21,0.9529411764705882
GF_00132,54,54,53,1,13,0.9814814814814815
GF_00133,70,70,59,11,20,0.8428571428571429
GF_00134,63,63,3,60,10,0.047619047619047616
GF_00135,77,77,75,2,18,0.974025974025974
GF_00136,129,129,95,34,40,0.7364341085271318
GF_00137,119,119,102,17,40,0.8571428571428571
GF_00138,84,84,82,2,19,0.9761904761904762
GF_00139,79,79,62,17,27,0.7848101265822784
GF_00140,89,89,77,12,23,0.8651685393258427
GF_00141,86,86,84,2,20,0.9767441860465116
GF_00142,80,80,76,4,21,0.95
GF_00143,121,119,52,69,35,0.4297520661157025
GF_00144,87,87,84,3,23,0.9655172413793104
GF_00145,108,108,22,86,24,0.2037037037037037
GF_00146,41,41,16,25,19,0.3902439024390244
GF_00147,232,232,120,112,61,0.5172413793103449
GF_00148,122,122,39,83,35,0.319672131147541
GF_00149,139,139,100,39,41,0.7194244604316546
GF_00150,177,177,88,89,42,0.4971751412429379
GF_00151,63,63,62,1,14,0.9841269841269841
GF_00152,44,44,43,1,9,0.9772727272727273
GF_00153,78,78,76,2,18,0.9743589743589743
GF_00154,56,56,55,1,11,0.9821428571428571
GF_00155,98,98,89,9,31,0.9081632653061225
GF_00156,42,42,41,1,8,0.9761904761904762
GF_00157,44,44,43,1,12,0.9772727272727273
GF_00158,47,47,46,1,10,0.9787234042553191
GF_00159,43,43,42,1,9,0.9767441860465116
GF_00160,44,44,43,1,10,0.9772727272727273
GF_00161,71,71,69,2,15,0.971830985915493
GF_00162,70,70,68,2,13,0.9714285714285714
GF_00163,84,84,82,2,19,0.9761904761904762
GF_00164,78,78,76,2,19,0.9743589743589743
GF_00165,46,46,45,1,9,0.9782608695652174
GF_00166,49,49,48,1,10,0.9795918367346939
GF_00167,48,48,47,1,9,0.9791666666666666
GF_00168,47,47,46,1,9,0.9787234042553191
GF_00169,53,53,52,1,11,0.9811320754716981
GF_00170,41,41,6,35,6,0.14634146341463414
GF_00171,91,91,85,6,24,0.9340659340659341
GF_00172,82,82,49,33,38,0.5975609756097561
GF_00173,154,154,108,46,51,0.7012987012987013
GF_00174,108,108,19,89,26,0.17592592592592593
GF_00175,59,59,49,10,22,0.8305084745762712
GF_00176,108,108,72,36,33,0.6666666666666666
GF_00177,202,175,133,69,46,0.6584158415841584
GF_00178,218,217,110,108,57,0.5045871559633027
GF_00179,96,91,88,8,24,0.9166666666666666
GF_00180,107,103,106,1,38,0.9906542056074766
GF_00181,43,43,12,31,16,0.27906976744186046
GF_00182,43,43,13,30,17,0.3023255813953488
GF_00183,62,61,14,48,13,0.22580645161290322
GF_00184,134,134,88,46,32,0.6567164179104478
GF_00185,62,62,25,37,25,0.4032258064516129
GF_00186,74,74,50,24,25,0.6756756756756757
GF_00187,145,145,104,41,45,0.7172413793103448
GF_00188,86,86,82,4,21,0.9534883720930233
GF_00189,72,72,70,2,16,0.9722222222222222
GF_00190,56,56,55,1,12,0.9821428571428571
GF_00191,70,70,68,2,16,0.9714285714285714
GF_00192,40,40,39,1,9,0.975
GF_00193,43,43,42,1,9,0.9767441860465116
GF_00194,63,63,61,2,12,0.9682539682539683
GF_00195,64,64,63,1,17,0.984375
GF_00196,247,247,113,134,71,0.4574898785425101
GF_00197,51,51,50,1,15,0.9803921568627451
GF_00198,45,45,44,1,10,0.9777777777777777
GF_00199,72,72,64,8,20,0.8888888888888888
GF_00200,53,53,12,41,9,0.22641509433962265
GF_00201,59,59,14,45,12,0.23728813559322035
GF_00202,55,55,45,10,16,0.8181818181818182
GF_00203,63,63,62,1,13,0.9841269841269841
GF_00204,70,70,68,2,15,0.9714285714285714
GF_00205,45,45,43,2,10,0.9555555555555556
GF_00206,115,115,89,26,32,0.7739130434782608
GF_00207,450,448,133,317,81,0.29555555555555557
GF_00208,100,100,86,14,29,0.86
GF_00209,54,54,45,9,21,0.8333333333333334
GF_00210,130,130,32,98,40,0.24615384615384617
GF_00211,42,42,27,15,18,0.6428571428571429
GF_00212,126,126,102,24,40,0.8095238095238095
GF_00213,116,111,44,72,37,0.3793103448275862
GF_00214,44,44,43,1,12,0.9772727272727273
GF_00215,61,61,58,3,18,0.9508196721311475
GF_00216,40,40,21,19,20,0.525
GF_00217,97,97,85,12,35,0.8762886597938144
GF_00218,161,161,104,57,47,0.6459627329192547
GF_00219,45,45,4,41,14,0.08888888888888889
GF_00220,50,50,6,44,16,0.12
GF_00221,64,63,51,13,25,0.796875
GF_00222,79,79,76,3,19,0.9620253164556962
GF_00223,54,54,53,1,14,0.9814814814814815
GF_00224,243,242,122,121,66,0.5020576131687243
GF_00225,143,143,91,52,38,0.6363636363636364
GF_00226,72,72,70,2,15,0.9722222222222222
GF_00227,58,58,56,2,12,0.9655172413793104
GF_00228,78,78,76,2,19,0.9743589743589743
GF_00229,46,46,45,1,11,0.9782608695652174
GF_00230,77,77,75,2,17,0.974025974025974
GF_00231,47,47,10,37,11,0.2127659574468085
GF_00232,84,84,79,5,21,0.9404761904761905
GF_00233,41,41,41,0,9,1.0
GF_00234,74,74,72,2,17,0.972972972972973
GF_00235,71,71,69,2,15,0.971830985915493
GF_00236,44,44,43,1,10,0.9772727272727273
GF_00237,145,145,81,64,38,0.5586206896551724
GF_00238,138,138,94,44,46,0.6811594202898551
GF_00239,111,111,89,22,28,0.8018018018018018
GF_00240,95,95,85,10,23,0.8947368421052632
GF_00241,79,79,70,9,19,0.8860759493670886
GF_00242,47,47,46,1,10,0.9787234042553191
GF_00243,41,41,40,1,8,0.975609756097561
GF_00244,43,43,43,0,10,1.0
GF_00245,41,41,40,1,7,0.975609756097561
GF_00246,70,70,67,3,18,0.9571428571428572
GF_00247,47,47,46,1,10,0.9787234042553191
GF_00248,48,48,47,1,12,0.9791666666666666
GF_00249,47,47,46,1,9,0.9787234042553191
GF_00250,71,71,69,2,17,0.971830985915493
GF_00251,65,65,63,2,13,0.9692307692307692
GF_00252,66,66,65,1,16,0.9848484848484849
GF_00253,47,47,46,1,10,0.9787234042553191
GF_00254,50,50,49,1,11,0.98
GF_00255,53,53,52,1,14,0.9811320754716981
GF_00256,49,49,48,1,11,0.9795918367346939
GF_00257,41,41,40,1,9,0.975609756097561
GF_00258,52,52,51,1,14,0.9807692307692307
GF_00259,42,42,42,0,8,1.0
GF_00260,83,83,81,2,19,0.9759036144578314
GF_00261,51,51,51,0,12,1.0
GF_00262,48,48,47,1,10,0.9791666666666666
GF_00263,48,48,47,1,11,0.9791666666666666
GF_00264,54,54,53,1,11,0.9814814814814815
GF_00265,123,123,96,27,39,0.7804878048780488
GF_00266,57,57,51,6,27,0.8947368421052632
GF_00267,76,76,74,2,17,0.9736842105263158
GF_00268,60,60,59,1,12,0.9833333333333333
GF_00269,55,55,54,1,12,0.9818181818181818
GF_00270,70,70,68,2,16,0.9714285714285714
GF_00271,71,71,69,2,15,0.971830985915493
GF_00272,46,46,45,1,9,0.9782608695652174
GF_00273,44,44,43,1,8,0.9772727272727273
GF_00274,99,99,87,12,29,0.8787878787878788
GF_00275,49,49,49,0,12,1.0
GF_00276,50,50,49,1,10,0.98
GF_00277,48,48,47,1,15,0.9791666666666666
GF_00278,49,49,47,2,11,0.9591836734693877
GF_00279,44,44,43,1,8,0.9772727272727273
GF_00280,73,73,71,2,18,0.9726027397260274
GF_00281,76,76,74,2,17,0.9736842105263158
GF_00282,53,53,52,1,13,0.9811320754716981
GF_00283,58,58,57,1,14,0.9827586206896551
GF_00284,583,295,249,334,76,0.42710120068610635
GF_00285,51,51,49,2,12,0.9607843137254902
GF_00286,54,54,53,1,10,0.9814814814814815
GF_00287,93,93,86,7,27,0.9247311827956989
GF_00288,41,41,41,0,8,1.0
GF_00289,44,44,42,2,16,0.9545454545454546
GF_00290,55,55,54,1,12,0.9818181818181818
GF_00291,61,61,59,2,16,0.9672131147540983
GF_00292,41,41,1,40,3,0.024390243902439025
GF_00293,161,161,0,161,4,0.0
GF_00294,46,46,22,24,11,0.4782608695652174
GF_00295,61,61,56,5,16,0.9180327868852459
GF_00296,87,87,32,55,19,0.367816091954023
GF_00297,297,297,126,171,78,0.42424242424242425
GF_00298,147,147,0,147,4,0.0
GF_00299,72,72,0,72,3,0.0
GF_00300,46,46,0,46,3,0.0
GF_00301,53,53,0,53,3,0.0
GF_00302,89,89,0,89,4,0.0
GF_00303,103,103,0,103,4,0.0
GF_00304,69,69,0,69,3,0.0
GF_00305,64,64,0,64,3,0.0
GF_00306,71,71,0,71,4,0.0
GF_00307,41,41,0,41,3,0.0
GF_00308,52,52,0,52,2,0.0
GF_00309,43,43,0,43,2,0.0
GF_00310,44,44,0,44,2,0.0
GF_00311,45,42,0,45,1,0.0
GF_00312,57,57,0,57,2,0.0
GF_00313,101,101,0,101,4,0.0
GF_00314,52,52,0,52,2,0.0
GF_00315,55,55,0,55,3,0.0
GF_00316,41,40,0,41,2,0.0
GF_00317,69,69,0,69,3,0.0
GF_00318,153,153,2,151,6,0.013071895424836602
GF_00319,144,144,0,144,4,0.0
GF_00320,89,89,26,63,27,0.29213483146067415
GF_00321,83,83,0,83,4,0.0
GF_00322,46,45,0,46,3,0.0
GF_00323,92,92,0,92,4,0.0
GF_00324,75,75,0,75,4,0.0
GF_00325,73,73,0,73,3,0.0
GF_00326,162,162,0,162,4,0.0
GF_00327,101,99,0,101,3,0.0
GF_00328,147,147,0,147,4,0.0
GF_00329,82,82,0,82,2,0.0
GF_00330,209,209,111,98,57,0.5311004784688995
GF_00331,195,195,101,94,46,0.517948717948718
GF_00332,220,220,123,97,62,0.5590909090909091
GF_00333,255,255,125,130,65,0.49019607843137253
GF_00334,40,40,12,28,13,0.3
GF_00335,225,225,97,128,65,0.4311111111111111
GF_00336,93,93,79,14,24,0.8494623655913979
GF_00337,291,291,127,164,75,0.436426116838488
GF_00338,62,62,0,62,4,0.0
GF_00339,40,40,0,40,1,0.0
GF_00340,42,42,0,42,2,0.0
GF_00341,62,62,0,62,3,0.0
GF_00342,44,44,0,44,2,0.0
GF_00343,75,75,0,75,3,0.0
GF_00344,104,104,0,104,2,0.0
GF_00345,40,40,0,40,2,0.0
GF_00346,119,119,0,119,4,0.0
GF_00347,76,71,0,76,3,0.0
GF_00348,44,44,0,44,2,0.0
GF_00349,62,62,0,62,3,0.0
GF_00350,43,43,0,43,2,0.0
GF_00351,57,57,0,57,2,0.0
GF_00352,64,64,16,48,19,0.25
GF_00353,52,52,7,45,9,0.1346153846153846
GF_00354,52,52,13,39,10,0.25
GF_00355,40,40,17,23,17,0.425
GF_00356,48,48,7,41,7,0.14583333333333334
GF_00357,52,52,32,20,15,0.6153846153846154
GF_00358,48,48,13,35,11,0.2708333333333333
GF_00359,80,80,76,4,24,0.95
GF_00360,448,448,131,317,81,0.2924107142857143
GF_00361,147,147,0,147,4,0.0
GF_00362,52,52,0,52,2,0.0
GF_00363,44,44,4,40,9,0.09090909090909091
GF_00364,66,66,59,7,17,0.8939393939393939
GF_00365,242,238,115,127,63,0.47520661157024796
GF_00366,82,82,66,16,24,0.8048780487804879
GF_00367,63,63,14,49,14,0.2222222222222222
GF_00368,258,258,119,139,69,0.46124031007751937
GF_00369,55,55,54,1,10,0.9818181818181818
GF_00370,59,59,57,2,13,0.9661016949152542
GF_00371,68,68,66,2,15,0.9705882352941176
GF_00372,40,40,40,0,11,1.0
GF_00373,50,50,48,2,11,0.96
GF_00374,87,87,83,4,21,0.9540229885057471
GF_00375,77,77,15,62,16,0.19480519480519481
GF_00376,126,126,51,75,36,0.40476190476190477
GF_00377,125,125,97,28,33,0.776
GF_00378,41,41,11,30,9,0.2682926829268293
GF_00379,61,61,13,48,10,0.21311475409836064
GF_00380,55,55,13,42,11,0.23636363636363636
GF_00381,48,48,7,41,8,0.14583333333333334
GF_00382,159,159,106,53,47,0.6666666666666666
GF_00383,44,44,3,41,5,0.06818181818181818
GF_00384,57,57,8,49,11,0.14035087719298245
GF_00385,49,49,5,44,8,0.10204081632653061
GF_00386,83,83,26,57,29,0.3132530120481928
GF_00387,112,102,99,13,29,0.8839285714285714
GF_00388,102,102,22,80,25,0.21568627450980393
GF_00389,60,60,50,10,19,0.8333333333333334
GF_00390,164,164,95,69,56,0.5792682926829268
GF_00391,54,54,13,41,9,0.24074074074074073
GF_00392,217,217,110,107,64,0.5069124423963134
GF_00393,53,53,21,32,24,0.39622641509433965
GF_00394,51,51,11,40,10,0.21568627450980393
GF_00395,88,88,27,61,18,0.3068181818181818
GF_00396,92,92,32,60,21,0.34782608695652173
GF_00397,120,120,101,19,38,0.8416666666666667
GF_00398,45,45,15,30,14,0.3333333333333333
GF_00399,52,52,8,44,14,0.15384615384615385
GF_00400,63,63,42,21,35,0.6666666666666666
GF_00401,43,43,14,29,13,0.32558139534883723
GF_00402,241,241,126,115,70,0.5228215767634855
GF_00403,47,47,40,7,21,0.851063829787234
GF_00404,57,57,14,43,11,0.24561403508771928
GF_00405,58,58,13,45,12,0.22413793103448276
GF_00406,51,51,15,36,10,0.29411764705882354
GF_00407,251,251,115,136,62,0.4581673306772908
GF_00408,290,290,128,162,74,0.4413793103448276
GF_00409,50,50,0,50,3,0.0
GF_00410,95,95,0,95,4,0.0
GF_00411,142,142,0,142,4,0.0
GF_00412,72,71,0,72,4,0.0
GF_00413,41,41,0,41,3,0.0
GF_00414,93,93,0,93,4,0.0
GF_00415,44,44,0,44,2,0.0
GF_00416,51,51,0,51,3,0.0
GF_00417,56,56,0,56,3,0.0
GF_00418,145,145,0,145,4,0.0
GF_00419,147,147,0,147,4,0.0
GF_00420,77,77,0,77,4,0.0
GF_00421,49,49,0,49,2,0.0
GF_00422,70,70,0,70,3,0.0
GF_00423,54,54,0,54,3,0.0
GF_00424,56,56,0,56,3,0.0
GF_00425,42,42,0,42,2,0.0
GF_00426,71,71,69,2,16,0.971830985915493
GF_00427,51,51,51,0,13,1.0
GF_00428,63,63,62,1,15,0.9841269841269841
GF_00429,72,72,70,2,17,0.9722222222222222
GF_00430,42,42,40,2,13,0.9523809523809523
GF_00431,209,206,118,91,62,0.5645933014354066
GF_00432,87,87,82,5,22,0.9425287356321839
GF_00433,40,40,40,0,12,1.0
GF_00434,47,47,46,1,13,0.9787234042553191
GF_00435,145,145,94,51,42,0.6482758620689655
GF_00436,57,57,55,2,13,0.9649122807017544
GF_00437,148,82,148,0,24,1.0
GF_00438,79,79,77,2,19,0.9746835443037974
GF_00439,88,88,78,10,30,0.8863636363636364
GF_00440,47,47,47,0,12,1.0
GF_00441,61,61,57,4,18,0.9344262295081968
GF_00442,47,47,46,1,10,0.9787234042553191
GF_00443,71,71,69,2,17,0.971830985915493
GF_00444,70,70,68,2,16,0.9714285714285714
GF_00445,41,41,39,2,13,0.9512195121951219
GF_00446,50,50,49,1,12,0.98
GF_00447,43,43,42,1,9,0.9767441860465116
GF_00448,63,63,61,2,12,0.9682539682539683
GF_00449,56,56,5,51,7,0.08928571428571429
GF_00450,41,40,19,22,14,0.4634146341463415
GF_00451,146,146,52,94,36,0.3561643835616438
GF_00452,79,79,77,2,18,0.9746835443037974
GF_00453,53,50,52,1,13,0.9811320754716981
GF_00454,54,44,37,17,12,0.6851851851851852
GF_00455,69,69,67,2,15,0.9710144927536232
GF_00456,71,71,69,2,15,0.971830985915493
GF_00457,113,113,90,23,36,0.7964601769911505
GF_00458,79,79,77,2,18,0.9746835443037974
GF_00459,98,92,0,98,4,0.0
GF_00460,77,77,0,77,4,0.0
GF_00461,68,68,0,68,3,0.0
GF_00462,77,77,0,77,3,0.0
GF_00463,79,79,0,79,4,0.0
GF_00464,73,73,0,73,3,0.0
GF_00465,120,120,0,120,4,0.0
GF_00466,94,93,0,94,4,0.0
GF_00467,147,147,0,147,4,0.0
GF_00468,91,91,0,91,4,0.0
GF_00469,44,44,0,44,3,0.0
GF_00470,93,93,0,93,4,0.0
GF_00471,73,73,71,2,18,0.9726027397260274
GF_00472,65,65,63,2,15,0.9692307692307692
GF_00473,51,51,49,2,12,0.9607843137254902
GF_00474,56,55,54,2,16,0.9642857142857143
GF_00475,84,84,82,2,19,0.9761904761904762
GF_00476,80,80,75,5,21,0.9375
GF_00477,51,51,49,2,12,0.9607843137254902
GF_00478,45,45,43,2,9,0.9555555555555556
GF_00479,71,71,69,2,16,0.971830985915493
GF_00480,54,54,53,1,13,0.9814814814814815
GF_00481,46,46,45,1,9,0.9782608695652174
GF_00482,46,46,45,1,9,0.9782608695652174
GF_00483,47,47,46,1,10,0.9787234042553191
GF_00484,67,67,65,2,15,0.9701492537313433
GF_00485,79,79,77,2,19,0.9746835443037974
GF_00486,42,42,41,1,8,0.9761904761904762
GF_00487,54,54,53,1,13,0.9814814814814815
GF_00488,48,48,46,2,12,0.9583333333333334
GF_00489,50,50,49,1,11,0.98
GF_00490,56,56,48,8,19,0.8571428571428571
GF_00491,82,82,80,2,20,0.975609756097561
GF_00492,89,89,85,4,23,0.9550561797752809
GF_00493,41,41,40,1,9,0.975609756097561
GF_00494,77,77,65,12,21,0.8441558441558441
GF_00495,44,44,43,1,11,0.9772727272727273
GF_00496,48,48,47,1,10,0.9791666666666666
GF_00497,54,54,53,1,13,0.9814814814814815
GF_00498,56,56,32,24,20,0.5714285714285714
GF_00499,44,44,43,1,13,0.9772727272727273
GF_00500,40,40,40,0,10,1.0
GF_00501,66,66,64,2,13,0.9696969696969697
GF_00502,47,47,46,1,12,0.9787234042553191
GF_00503,68,68,66,2,16,0.9705882352941176
GF_00504,48,48,47,1,9,0.9791666666666666
GF_00505,48,48,36,12,18,0.75
GF_00506,91,48,49,42,10,0.5384615384615384
GF_00507,56,56,11,45,11,0.19642857142857142
GF_00508,206,206,58,148,58,0.2815533980582524
GF_00509,54,54,16,38,25,0.2962962962962963
GF_00510,42,42,41,1,8,0.9761904761904762
GF_00511,40,40,39,1,9,0.975
GF_00512,50,50,49,1,11,0.98
GF_00513,56,56,55,1,13,0.9821428571428571
GF_00514,65,65,63,2,14,0.9692307692307692
GF_00515,59,59,58,1,15,0.9830508474576272
GF_00516,43,43,42,1,8,0.9767441860465116
GF_00517,82,82,78,4,20,0.9512195121951219
GF_00518,86,86,82,4,22,0.9534883720930233
GF_00519,64,64,62,2,13,0.96875
GF_00520,89,89,84,5,23,0.9438202247191011
GF_00521,41,41,40,1,8,0.975609756097561
GF_00522,49,49,48,1,15,0.9795918367346939
GF_00523,79,79,77,2,19,0.9746835443037974
GF_00524,58,58,53,5,24,0.9137931034482759
GF_00525,41,41,37,4,19,0.9024390243902439
GF_00526,51,51,51,0,13,1.0
GF_00527,60,60,59,1,15,0.9833333333333333
GF_00528,87,87,82,5,23,0.9425287356321839
GF_00529,55,55,54,1,13,0.9818181818181818
GF_00530,48,48,47,1,10,0.9791666666666666
GF_00531,73,73,71,2,17,0.9726027397260274
GF_00532,45,45,44,1,9,0.9777777777777777
GF_00533,159,159,68,91,49,0.4276729559748428
GF_00534,56,56,55,1,14,0.9821428571428571
GF_00535,88,88,84,4,22,0.9545454545454546
GF_00536,56,56,55,1,13,0.9821428571428571
GF_00537,40,40,39,1,7,0.975
GF_00538,65,65,64,1,16,0.9846153846153847
GF_00539,84,84,82,2,19,0.9761904761904762
GF_00540,44,44,44,0,9,1.0
GF_00541,84,84,82,2,19,0.9761904761904762
GF_00542,101,99,71,30,32,0.7029702970297029
GF_00543,50,50,49,1,12,0.98
GF_00544,44,44,43,1,8,0.9772727272727273
GF_00545,86,86,82,4,21,0.9534883720930233
GF_00546,42,42,41,1,8,0.9761904761904762
GF_00547,41,41,41,0,9,1.0
GF_00548,48,48,47,1,9,0.9791666666666666
GF_00549,47,47,47,0,9,1.0
GF_00550,68,68,66,2,15,0.9705882352941176
GF_00551,86,86,82,4,21,0.9534883720930233
GF_00552,79,79,75,4,21,0.9493670886075949
GF_00553,59,59,57,2,15,0.9661016949152542
GF_00554,57,57,56,1,14,0.9824561403508771
GF_00555,81,81,78,3,19,0.9629629629629629
GF_00556,52,52,51,1,11,0.9807692307692307
GF_00557,86,80,84,2,20,0.9767441860465116
GF_00558,140,140,99,41,40,0.7071428571428572
GF_00559,44,44,43,1,9,0.9772727272727273
GF_00560,42,42,40,2,13,0.9523809523809523
GF_00561,46,46,45,1,10,0.9782608695652174
GF_00562,54,54,53,1,11,0.9814814814814815
GF_00563,54,54,53,1,13,0.9814814814814815
GF_00564,62,62,60,2,18,0.967741935483871
GF_00565,86,84,82,4,23,0.9534883720930233
GF_00566,84,84,82,2,19,0.9761904761904762
GF_00567,86,86,84,2,20,0.9767441860465116
GF_00568,56,56,55,1,14,0.9821428571428571
GF_00569,76,76,74,2,18,0.9736842105263158
GF_00570,40,40,39,1,13,0.975
GF_00571,104,104,47,57,28,0.4519230769230769
GF_00572,60,60,59,1,15,0.9833333333333333
GF_00573,83,83,80,3,20,0.963855421686747
GF_00574,84,84,82,2,19,0.9761904761904762
GF_00575,45,45,5,40,10,0.1111111111111111
GF_00576,51,51,50,1,14,0.9803921568627451
GF_00577,61,61,60,1,14,0.9836065573770492
GF_00578,48,48,47,1,12,0.9791666666666666
GF_00579,57,57,55,2,17,0.9649122807017544
GF_00580,105,105,89,16,31,0.8476190476190476
GF_00581,62,62,61,1,16,0.9838709677419355
GF_00582,68,68,67,1,20,0.9852941176470589
GF_00583,47,47,46,1,16,0.9787234042553191
GF_00584,107,107,81,26,22,0.7570093457943925
GF_00585,79,79,77,2,20,0.9746835443037974
GF_00586,58,58,11,47,20,0.1896551724137931
GF_00587,92,92,23,69,24,0.25
GF_00588,132,132,88,44,32,0.6666666666666666
GF_00589,64,64,59,5,22,0.921875
GF_00590,83,83,20,63,22,0.24096385542168675
GF_00591,50,50,43,7,19,0.86
GF_00592,44,44,7,37,10,0.1590909090909091
GF_00593,268,258,127,141,70,0.47388059701492535
GF_00594,56,56,6,50,9,0.10714285714285714
GF_00595,45,45,14,31,13,0.3111111111111111
GF_00596,81,81,13,68,19,0.16049382716049382
GF_00597,55,55,12,43,10,0.21818181818181817
GF_00598,65,65,14,51,15,0.2153846153846154
GF_00599,54,54,14,40,9,0.25925925925925924
GF_00600,177,177,35,142,43,0.1977401129943503
GF_00601,44,44,33,11,19,0.75
GF_00602,51,51,5,46,10,0.09803921568627451
GF_00603,68,68,13,55,13,0.19117647058823528
GF_00604,116,116,97,19,32,0.8362068965517241
GF_00605,75,75,16,59,17,0.21333333333333335
GF_00606,75,75,28,47,22,0.37333333333333335
GF_00607,134,134,35,99,37,0.26119402985074625
GF_00608,287,287,120,167,77,0.4181184668989547
GF_00609,370,370,98,272,61,0.2648648648648649
GF_00610,61,61,52,9,17,0.8524590163934426
GF_00611,42,42,2,40,7,0.047619047619047616
GF_00612,163,163,107,56,50,0.656441717791411
GF_00613,137,137,102,35,43,0.7445255474452555
GF_00614,221,219,113,108,55,0.5113122171945701
GF_00615,124,124,97,27,34,0.782258064516129
GF_00616,47,43,29,18,16,0.6170212765957447
GF_00617,59,59,14,45,21,0.23728813559322035
GF_00618,56,56,25,31,20,0.44642857142857145
GF_00619,245,236,116,129,63,0.47346938775510206
GF_00620,376,332,164,212,76,0.43617021276595747
GF_00621,55,55,2,53,8,0.03636363636363636
GF_00622,267,267,126,141,68,0.47191011235955055
GF_00623,127,127,30,97,39,0.23622047244094488
GF_00624,278,278,109,169,70,0.3920863309352518
GF_00625,286,286,131,155,78,0.458041958041958
GF_00626,58,58,14,44,13,0.2413793103448276
GF_00627,72,72,13,59,24,0.18055555555555555
GF_00628,108,108,91,17,31,0.8425925925925926
GF_00629,146,145,106,40,49,0.726027397260274
GF_00630,305,305,129,176,75,0.42295081967213116
GF_00631,301,301,120,181,74,0.39867109634551495
GF_00632,60,60,12,48,19,0.2
GF_00633,58,58,5,53,13,0.08620689655172414
GF_00634,221,217,111,110,57,0.502262443438914
GF_00635,193,191,103,90,59,0.533678756476684
GF_00636,54,54,53,1,10,0.9814814814814815
GF_00637,79,79,75,4,20,0.9493670886075949
GF_00638,273,273,112,161,67,0.41025641025641024
GF_00639,60,60,57,3,14,0.95
GF_00640,55,55,52,3,11,0.9454545454545454
GF_00641,50,50,47,3,17,0.94
GF_00642,60,60,56,4,17,0.9333333333333333
GF_00643,227,227,115,112,60,0.5066079295154186
GF_00644,41,41,33,8,17,0.8048780487804879
GF_00645,68,68,66,2,16,0.9705882352941176
GF_00646,41,41,33,8,16,0.8048780487804879
GF_00647,83,83,81,2,19,0.9759036144578314
GF_00648,84,84,82,2,19,0.9761904761904762
GF_00649,88,88,84,4,23,0.9545454545454546
GF_00650,87,87,83,4,22,0.9540229885057471
GF_00651,70,70,69,1,17,0.9857142857142858
GF_00652,77,77,75,2,18,0.974025974025974
GF_00653,60,60,59,1,13,0.9833333333333333
GF_00654,84,84,81,3,20,0.9642857142857143
GF_00655,47,47,47,0,9,1.0
GF_00656,57,56,35,22,21,0.6140350877192983
GF_00657,98,98,77,21,30,0.7857142857142857
GF_00658,248,248,124,124,66,0.5
GF_00659,95,95,76,19,35,0.8
GF_00660,88,88,80,8,24,0.9090909090909091
GF_00661,175,175,103,72,48,0.5885714285714285
GF_00662,61,61,53,8,27,0.8688524590163934
GF_00663,110,110,93,17,34,0.8454545454545455
GF_00664,48,48,45,3,12,0.9375
GF_00665,296,295,131,165,77,0.44256756756756754
GF_00666,121,121,100,21,44,0.8264462809917356
GF_00667,88,88,72,16,26,0.8181818181818182
GF_00668,189,189,103,86,52,0.544973544973545
GF_00669,47,47,44,3,18,0.9361702127659575
GF_00670,98,98,85,13,33,0.8673469387755102
GF_00671,109,109,98,11,31,0.8990825688073395
GF_00672,260,260,118,142,60,0.45384615384615384
GF_00673,153,153,102,51,49,0.6666666666666666
GF_00674,101,90,99,2,21,0.9801980198019802
GF_00675,105,105,51,54,36,0.4857142857142857
GF_00676,142,142,85,57,42,0.5985915492957746
GF_00677,165,165,92,73,51,0.5575757575757576
GF_00678,41,41,3,38,11,0.07317073170731707
GF_00679,99,99,54,45,28,0.5454545454545454
GF_00680,46,46,11,35,11,0.2391304347826087
GF_00681,56,56,54,2,11,0.9642857142857143
GF_00682,81,81,68,13,27,0.8395061728395061
GF_00683,73,73,69,4,19,0.9452054794520548
GF_00684,90,90,86,4,23,0.9555555555555556
GF_00685,97,92,90,7,26,0.9278350515463918
GF_00686,97,96,86,11,29,0.8865979381443299
GF_00687,285,285,126,159,74,0.4421052631578947
GF_00688,150,108,93,57,26,0.62
GF_00689,108,108,89,19,33,0.8240740740740741
GF_00690,196,196,110,86,52,0.5612244897959183
GF_00691,42,41,26,16,19,0.6190476190476191
GF_00692,40,40,38,2,13,0.95
GF_00693,105,105,85,20,30,0.8095238095238095
GF_00694,292,292,127,165,73,0.4349315068493151
GF_00695,84,84,81,3,20,0.9642857142857143
GF_00696,85,85,80,5,24,0.9411764705882353
GF_00697,81,81,77,4,21,0.9506172839506173
GF_00698,80,80,74,6,25,0.925
GF_00699,78,78,74,4,19,0.9487179487179487
GF_00700,64,64,52,12,23,0.8125
GF_00701,41,41,9,32,18,0.21951219512195122
GF_00702,53,53,50,3,14,0.9433962264150944
GF_00703,91,91,85,6,26,0.9340659340659341
GF_00704,102,102,84,18,30,0.8235294117647058
GF_00705,43,43,12,31,12,0.27906976744186046
GF_00706,61,61,14,47,20,0.22950819672131148
GF_00707,101,95,24,77,32,0.2376237623762376
GF_00708,160,160,59,101,50,0.36875
GF_00709,86,86,82,4,21,0.9534883720930233
GF_00710,83,83,81,2,19,0.9759036144578314
GF_00711,48,48,47,1,12,0.9791666666666666
GF_00712,58,58,56,2,13,0.9655172413793104
GF_00713,67,67,65,2,14,0.9701492537313433
GF_00714,70,70,68,2,15,0.9714285714285714
GF_00715,74,54,68,6,18,0.918918918918919
GF_00716,82,82,80,2,18,0.975609756097561
GF_00717,40,40,39,1,10,0.975
GF_00718,71,71,69,2,16,0.971830985915493
GF_00719,77,77,75,2,19,0.974025974025974
GF_00720,50,50,49,1,10,0.98
GF_00721,101,101,87,14,27,0.8613861386138614
GF_00722,41,41,40,1,10,0.975609756097561
GF_00723,83,83,81,2,18,0.9759036144578314
GF_00724,56,56,55,1,14,0.9821428571428571
GF_00725,71,71,69,2,17,0.971830985915493
GF_00726,42,42,1,41,3,0.023809523809523808
GF_00727,48,47,9,39,10,0.1875
GF_00728,44,44,3,41,5,0.06818181818181818
GF_00729,117,117,32,85,34,0.27350427350427353
GF_00730,45,45,4,41,5,0.08888888888888889
GF_00731,90,90,19,71,20,0.2111111111111111
GF_00732,445,443,127,318,81,0.2853932584269663
GF_00733,80,80,74,6,21,0.925
GF_00734,59,59,56,3,16,0.9491525423728814
GF_00735,92,92,88,4,26,0.9565217391304348
GF_00736,72,72,70,2,16,0.9722222222222222
GF_00737,67,67,65,2,14,0.9701492537313433
GF_00738,73,73,69,4,23,0.9452054794520548
GF_00739,91,88,77,14,30,0.8461538461538461
GF_00740,75,75,71,4,19,0.9466666666666667
GF_00741,99,99,75,24,28,0.7575757575757576
GF_00742,43,41,42,1,11,0.9767441860465116
GF_00743,50,50,49,1,12,0.98
GF_00744,47,47,46,1,10,0.9787234042553191
GF_00745,94,94,87,7,27,0.925531914893617
GF_00746,219,219,109,110,60,0.4977168949771689
GF_00747,53,53,52,1,11,0.9811320754716981
GF_00748,88,88,72,16,30,0.8181818181818182
GF_00749,61,61,59,2,17,0.9672131147540983
GF_00750,64,64,61,3,16,0.953125
GF_00751,52,52,51,1,12,0.9807692307692307
GF_00752,84,84,80,4,20,0.9523809523809523
GF_00753,58,58,57,1,15,0.9827586206896551
GF_00754,72,72,62,10,16,0.8611111111111112
GF_00755,62,62,59,3,16,0.9516129032258065
GF_00756,53,53,0,53,3,0.0
GF_00757,75,75,0,75,3,0.0
GF_00758,67,67,0,67,3,0.0
GF_00759,49,49,0,49,2,0.0
GF_00760,147,147,0,147,4,0.0
GF_00761,47,47,0,47,2,0.0
GF_00762,145,145,0,145,4,0.0
GF_00763,59,59,0,59,4,0.0
GF_00764,41,40,0,41,2,0.0
GF_00765,51,51,0,51,2,0.0
GF_00766,60,60,0,60,3,0.0
GF_00767,46,46,0,46,2,0.0
GF_00768,52,52,0,52,2,0.0
GF_00769,45,45,0,45,2,0.0
GF_00770,53,53,0,53,3,0.0
GF_00771,67,67,0,67,3,0.0
GF_00772,69,69,0,69,3,0.0
GF_00773,52,52,0,52,3,0.0
GF_00774,68,68,0,68,3,0.0
GF_00775,86,86,0,86,4,0.0
GF_00776,69,69,0,69,3,0.0
GF_00777,60,60,0,60,2,0.0
GF_00778,52,52,0,52,2,0.0
GF_00779,92,92,0,92,4,0.0
GF_00780,84,84,0,84,4,0.0
GF_00781,70,70,0,70,3,0.0
GF_00782,50,50,0,50,2,0.0
GF_00783,55,55,0,55,2,0.0
GF_00784,55,55,0,55,3,0.0
GF_00785,48,48,0,48,2,0.0
GF_00786,86,86,0,86,4,0.0
GF_00787,143,143,0,143,4,0.0
GF_00788,374,374,131,243,78,0.3502673796791444
GF_00789,48,48,3,45,9,0.0625
GF_00790,51,51,14,37,14,0.27450980392156865
GF_00791,64,64,15,49,11,0.234375
GF_00792,214,214,107,107,58,0.5
GF_00793,53,53,11,42,10,0.20754716981132076
GF_00794,87,87,16,71,19,0.1839080459770115
GF_00795,49,49,0,49,2,0.0
GF_00796,53,53,0,53,3,0.0
GF_00797,41,41,0,41,5,0.0
GF_00798,48,48,0,48,2,0.0
GF_00799,221,216,118,103,58,0.5339366515837104
GF_00800,54,54,48,6,21,0.8888888888888888
GF_00801,98,98,86,12,29,0.8775510204081632
GF_00802,42,42,40,2,10,0.9523809523809523
GF_00803,44,44,43,1,10,0.9772727272727273
GF_00804,165,165,39,126,43,0.23636363636363636
GF_00805,75,75,18,57,22,0.24
GF_00806,49,49,8,41,12,0.16326530612244897
GF_00807,41,41,1,40,4,0.024390243902439025
GF_00808,188,188,111,77,59,0.5904255319148937
GF_00809,49,49,28,21,20,0.5714285714285714
GF_00810,72,72,21,51,22,0.2916666666666667
GF_00811,44,44,43,1,8,0.9772727272727273
GF_00812,48,47,47,1,14,0.9791666666666666
GF_00813,40,40,39,1,9,0.975
GF_00814,54,54,54,0,13,1.0
GF_00815,45,45,44,1,10,0.9777777777777777
GF_00816,43,43,43,0,12,1.0
GF_00817,66,66,64,2,14,0.9696969696969697
GF_00818,64,60,62,2,14,0.96875
GF_00819,49,49,48,1,11,0.9795918367346939
GF_00820,77,77,75,2,18,0.974025974025974
GF_00821,66,66,64,2,14,0.9696969696969697
GF_00822,63,63,61,2,15,0.9682539682539683
GF_00823,169,169,98,71,44,0.5798816568047337
GF_00824,53,53,17,36,17,0.32075471698113206
GF_00825,121,120,92,29,43,0.7603305785123967
GF_00826,59,59,54,5,13,0.9152542372881356
GF_00827,52,48,49,3,12,0.9423076923076923
GF_00828,191,189,106,85,53,0.5549738219895288
GF_00829,48,48,18,30,18,0.375
GF_00830,40,40,10,30,13,0.25
GF_00831,81,81,78,3,20,0.9629629629629629
GF_00832,95,95,90,5,26,0.9473684210526315
GF_00833,67,67,63,4,20,0.9402985074626866
GF_00834,90,90,86,4,24,0.9555555555555556
GF_00835,78,78,76,2,17,0.9743589743589743
GF_00836,73,73,71,2,14,0.9726027397260274
GF_00837,43,43,43,0,12,1.0
GF_00838,67,67,65,2,15,0.9701492537313433
GF_00839,70,70,64,6,20,0.9142857142857143
GF_00840,73,73,71,2,19,0.9726027397260274
GF_00841,62,61,57,5,17,0.9193548387096774
GF_00842,53,53,52,1,14,0.9811320754716981
GF_00843,66,66,64,2,17,0.9696969696969697
GF_00844,62,62,60,2,15,0.967741935483871
GF_00845,41,41,41,0,11,1.0
GF_00846,72,72,67,5,19,0.9305555555555556
GF_00847,49,49,49,0,11,1.0
GF_00848,48,48,46,2,18,0.9583333333333334
GF_00849,55,55,54,1,13,0.9818181818181818
GF_00850,89,89,84,5,24,0.9438202247191011
GF_00851,90,90,86,4,24,0.9555555555555556
GF_00852,54,54,53,1,14,0.9814814814814815
GF_00853,96,96,18,78,29,0.1875
GF_00854,48,48,7,41,16,0.14583333333333334
GF_00855,196,196,117,79,63,0.5969387755102041
GF_00856,221,221,91,130,52,0.4117647058823529
GF_00857,93,93,15,78,18,0.16129032258064516
GF_00858,50,50,9,41,8,0.18
GF_00859,40,40,15,25,19,0.375
GF_00860,46,46,10,36,17,0.21739130434782608
GF_00861,131,131,92,39,45,0.7022900763358778
GF_00862,53,53,14,39,18,0.2641509433962264
GF_00863,289,289,125,164,72,0.43252595155709345
GF_00864,126,126,1,125,4,0.007936507936507936
GF_00865,145,145,100,45,39,0.6896551724137931
GF_00866,73,73,29,44,25,0.3972602739726027
GF_00867,204,204,117,87,64,0.5735294117647058
GF_00868,92,92,9,83,18,0.09782608695652174
GF_00869,206,206,100,106,43,0.4854368932038835
GF_00870,52,52,12,40,14,0.23076923076923078
GF_00871,88,88,81,7,24,0.9204545454545454
GF_00872,99,99,68,31,38,0.6868686868686869
GF_00873,288,288,128,160,74,0.4444444444444444
GF_00874,126,126,95,31,33,0.753968253968254
GF_00875,67,67,64,3,18,0.9552238805970149
GF_00876,50,47,44,6,12,0.88
GF_00877,104,104,86,18,30,0.8269230769230769
GF_00878,63,63,10,53,19,0.15873015873015872
GF_00879,89,89,82,7,24,0.9213483146067416
GF_00880,169,167,45,124,40,0.26627218934911245
GF_00881,54,44,41,13,14,0.7592592592592593
GF_00882,91,91,0,91,4,0.0
GF_00883,114,114,0,114,4,0.0
GF_00884,147,147,0,147,4,0.0
GF_00885,43,43,0,43,2,0.0
GF_00886,62,41,0,62,3,0.0
GF_00887,61,61,0,61,3,0.0
GF_00888,147,147,0,147,4,0.0
GF_00889,47,47,0,47,4,0.0
GF_00890,46,46,0,46,2,0.0
GF_00891,156,155,35,121,42,0.22435897435897437
GF_00892,41,41,2,39,9,0.04878048780487805
GF_00893,98,98,57,41,27,0.5816326530612245
GF_00894,64,64,2,62,18,0.03125
GF_00895,124,124,24,100,30,0.1935483870967742
GF_00896,168,168,94,74,43,0.5595238095238095
GF_00897,42,42,4,38,7,0.09523809523809523
GF_00898,44,44,7,37,7,0.1590909090909091
GF_00899,41,41,16,25,14,0.3902439024390244
GF_00900,68,66,60,8,20,0.8823529411764706
GF_00901,88,88,84,4,22,0.9545454545454546
GF_00902,275,275,120,155,66,0.43636363636363634
GF_00903,45,45,32,13,9,0.7111111111111111
GF_00904,70,70,69,1,17,0.9857142857142858
GF_00905,78,78,76,2,20,0.9743589743589743
GF_00906,88,88,84,4,23,0.9545454545454546
GF_00907,86,86,82,4,21,0.9534883720930233
GF_00908,48,48,47,1,13,0.9791666666666666
GF_00909,80,80,75,5,19,0.9375
GF_00910,71,71,60,11,20,0.8450704225352113
GF_00911,52,52,50,2,15,0.9615384615384616
GF_00912,76,76,74,2,16,0.9736842105263158
GF_00913,40,40,38,2,10,0.95
GF_00914,84,84,82,2,19,0.9761904761904762
GF_00915,174,174,108,66,50,0.6206896551724138
GF_00916,204,204,119,85,58,0.5833333333333334
GF_00917,95,95,86,9,28,0.9052631578947369
GF_00918,77,77,73,4,19,0.948051948051948
GF_00919,60,60,58,2,12,0.9666666666666667
GF_00920,72,72,70,2,17,0.9722222222222222
GF_00921,86,86,78,8,27,0.9069767441860465
GF_00922,46,46,45,1,12,0.9782608695652174
GF_00923,95,95,88,7,29,0.9263157894736842
GF_00924,50,50,49,1,11,0.98
GF_00925,70,70,68,2,16,0.9714285714285714
GF_00926,71,71,69,2,16,0.971830985915493
GF_00927,83,83,81,2,19,0.9759036144578314
GF_00928,89,89,84,5,23,0.9438202247191011
GF_00929,86,86,84,2,21,0.9767441860465116
GF_00930,115,115,99,16,35,0.8608695652173913
GF_00931,78,78,76,2,18,0.9743589743589743
GF_00932,76,76,74,2,18,0.9736842105263158
GF_00933,57,57,56,1,12,0.9824561403508771
GF_00934,73,73,71,2,18,0.9726027397260274
GF_00935,90,86,66,24,29,0.7333333333333333
GF_00936,48,48,47,1,14,0.9791666666666666
GF_00937,65,65,64,1,15,0.9846153846153847
GF_00938,66,66,62,4,17,0.9393939393939394
GF_00939,40,40,39,1,11,0.975
GF_00940,40,40,7,33,12,0.175
GF_00941,49,49,11,38,13,0.22448979591836735
GF_00942,77,77,19,58,22,0.24675324675324675
GF_00943,86,86,11,75,15,0.12790697674418605
GF_00944,47,47,5,42,7,0.10638297872340426
GF_00945,70,70,24,46,25,0.34285714285714286
GF_00946,134,134,105,29,44,0.7835820895522388
GF_00947,93,93,27,66,30,0.2903225806451613
GF_00948,78,78,12,66,18,0.15384615384615385
GF_00949,43,43,4,39,10,0.09302325581395349
GF_00950,52,52,7,45,14,0.1346153846153846
GF_00951,43,43,3,40,8,0.06976744186046512
GF_00952,71,71,69,2,15,0.971830985915493
GF_00953,85,85,81,4,21,0.9529411764705882
GF_00954,54,54,53,1,12,0.9814814814814815
GF_00955,43,43,43,0,8,1.0
GF_00956,51,51,49,2,17,0.9607843137254902
GF_00957,53,53,39,14,19,0.7358490566037735
GF_00958,71,71,69,2,15,0.971830985915493
GF_00959,46,46,45,1,10,0.9782608695652174
GF_00960,55,55,52,3,15,0.9454545454545454
GF_00961,49,49,49,0,10,1.0
GF_00962,54,54,52,2,12,0.9629629629629629
GF_00963,63,61,57,6,18,0.9047619047619048
GF_00964,62,62,61,1,14,0.9838709677419355
GF_00965,62,62,58,4,17,0.9354838709677419
GF_00966,43,43,43,0,8,1.0
GF_00967,49,49,48,1,9,0.9795918367346939
GF_00968,74,74,72,2,17,0.972972972972973
GF_00969,118,118,88,30,38,0.7457627118644068
GF_00970,63,63,53,10,16,0.8412698412698413
GF_00971,56,56,55,1,14,0.9821428571428571
GF_00972,45,45,44,1,9,0.9777777777777777
GF_00973,49,49,48,1,9,0.9795918367346939
GF_00974,104,104,90,14,31,0.8653846153846154
GF_00975,103,79,94,9,19,0.912621359223301
GF_00976,64,64,62,2,13,0.96875
GF_00977,79,79,77,2,18,0.9746835443037974
GF_00978,81,51,79,2,13,0.9753086419753086
GF_00979,177,177,112,65,56,0.632768361581921
GF_00980,115,115,20,95,26,0.17391304347826086
GF_00981,286,286,127,159,74,0.44405594405594406
GF_00982,276,276,120,156,69,0.43478260869565216
GF_00983,106,106,27,79,30,0.25471698113207547
GF_00984,284,284,124,160,73,0.43661971830985913
GF_00985,277,277,127,150,71,0.4584837545126354
GF_00986,105,105,23,82,29,0.21904761904761905
GF_00987,63,63,11,52,14,0.1746031746031746
GF_00988,66,66,64,2,17,0.9696969696969697
GF_00989,86,86,83,3,21,0.9651162790697675
GF_00990,83,83,81,2,19,0.9759036144578314
GF_00991,84,84,82,2,20,0.9761904761904762
GF_00992,252,252,108,144,67,0.42857142857142855
GF_00993,80,80,49,31,18,0.6125
GF_00994,84,84,82,2,19,0.9761904761904762
GF_00995,86,86,82,4,21,0.9534883720930233
GF_00996,170,170,113,57,54,0.6647058823529411
GF_00997,75,75,73,2,17,0.9733333333333334
GF_00998,59,59,58,1,13,0.9830508474576272
GF_00999,82,80,81,1,19,0.9878048780487805
GF_01000,201,201,103,98,54,0.5124378109452736
GF_01001,101,101,82,19,23,0.8118811881188119
GF_01002,82,82,80,2,19,0.975609756097561
GF_01003,57,57,57,0,16,1.0
GF_01004,72,72,70,2,15,0.9722222222222222
GF_01005,69,69,9,60,16,0.13043478260869565
GF_01006,299,299,129,170,77,0.431438127090301
GF_01007,45,45,45,0,10,1.0
GF_01008,84,84,82,2,19,0.9761904761904762
GF_01009,81,81,79,2,18,0.9753086419753086
GF_01010,48,48,47,1,15,0.9791666666666666
GF_01011,116,116,99,17,34,0.853448275862069
GF_01012,270,266,124,146,70,0.45925925925925926
GF_01013,84,84,82,2,19,0.9761904761904762
GF_01014,87,87,81,6,23,0.9310344827586207
GF_01015,58,58,54,4,20,0.9310344827586207
GF_01016,50,50,19,31,16,0.38
GF_01017,84,84,82,2,19,0.9761904761904762
GF_01018,40,40,40,0,8,1.0
GF_01019,50,50,50,0,11,1.0
GF_01020,284,284,124,160,72,0.43661971830985913
GF_01021,88,88,86,2,22,0.9772727272727273
GF_01022,98,98,86,12,24,0.8775510204081632
GF_01023,71,71,69,2,16,0.971830985915493
GF_01024,56,56,55,1,13,0.9821428571428571
GF_01025,56,56,55,1,13,0.9821428571428571
GF_01026,45,45,45,0,9,1.0
GF_01027,73,73,71,2,16,0.9726027397260274
GF_01028,109,109,73,36,34,0.6697247706422018
GF_01029,92,92,85,7,26,0.9239130434782609
GF_01030,67,67,66,1,15,0.9850746268656716
GF_01031,75,75,66,9,18,0.88
GF_01032,193,193,106,87,47,0.5492227979274611
GF_01033,124,124,97,27,40,0.782258064516129
GF_01034,71,71,69,2,17,0.971830985915493
GF_01035,55,55,53,2,11,0.9636363636363636
GF_01036,77,77,73,4,19,0.948051948051948
GF_01037,57,57,55,2,12,0.9649122807017544
GF_01038,67,67,65,2,15,0.9701492537313433
GF_01039,87,87,82,5,23,0.9425287356321839
GF_01040,46,46,46,0,10,1.0
GF_01041,52,52,51,1,12,0.9807692307692307
GF_01042,93,93,87,6,25,0.9354838709677419
GF_01043,141,141,94,47,36,0.6666666666666666
GF_01044,67,66,66,1,16,0.9850746268656716
GF_01045,54,54,10,44,14,0.18518518518518517
GF_01046,45,45,44,1,8,0.9777777777777777
GF_01047,44,44,44,0,11,1.0
GF_01048,63,63,62,1,15,0.9841269841269841
GF_01049,40,40,40,0,10,1.0
GF_01050,95,95,86,9,31,0.9052631578947369
GF_01051,45,45,44,1,10,0.9777777777777777
GF_01052,54,54,53,1,14,0.9814814814814815
GF_01053,71,71,69,2,17,0.971830985915493
GF_01054,40,40,39,1,10,0.975
GF_01055,68,68,63,5,20,0.9264705882352942
GF_01056,61,61,59,2,15,0.9672131147540983
GF_01057,78,78,76,2,19,0.9743589743589743
GF_01058,69,51,46,23,15,0.6666666666666666
GF_01059,49,49,48,1,10,0.9795918367346939
GF_01060,42,41,41,1,7,0.9761904761904762
GF_01061,70,70,68,2,17,0.9714285714285714
GF_01062,102,102,89,13,31,0.8725490196078431
GF_01063,57,57,56,1,14,0.9824561403508771
GF_01064,87,87,83,4,21,0.9540229885057471
GF_01065,44,44,43,1,10,0.9772727272727273
GF_01066,62,62,60,2,12,0.967741935483871
GF_01067,63,63,61,2,13,0.9682539682539683
GF_01068,80,80,76,4,19,0.95
GF_01069,57,57,55,2,14,0.9649122807017544
GF_01070,63,63,62,1,14,0.9841269841269841
GF_01071,53,52,29,24,16,0.5471698113207547
GF_01072,46,46,45,1,9,0.9782608695652174
GF_01073,72,72,70,2,16,0.9722222222222222
GF_01074,42,42,41,1,8,0.9761904761904762
GF_01075,83,83,81,2,18,0.9759036144578314
GF_01076,55,55,54,1,11,0.9818181818181818
GF_01077,52,52,51,1,12,0.9807692307692307
GF_01078,71,71,67,4,19,0.9436619718309859
GF_01079,54,54,53,1,12,0.9814814814814815
GF_01080,87,87,83,4,22,0.9540229885057471
GF_01081,92,92,85,7,27,0.9239130434782609
GF_01082,40,40,38,2,11,0.95
GF_01083,83,83,81,2,19,0.9759036144578314
GF_01084,62,62,61,1,13,0.9838709677419355
GF_01085,52,52,51,1,12,0.9807692307692307
GF_01086,41,41,40,1,8,0.975609756097561
GF_01087,66,60,33,33,17,0.5
GF_01088,57,57,10,47,14,0.17543859649122806
GF_01089,55,55,9,46,11,0.16363636363636364
GF_01090,268,268,118,150,69,0.44029850746268656
GF_01091,46,46,45,1,12,0.9782608695652174
GF_01092,89,89,85,4,23,0.9550561797752809
GF_01093,46,46,45,1,11,0.9782608695652174
GF_01094,50,50,48,2,12,0.96
GF_01095,79,79,75,4,20,0.9493670886075949
GF_01096,75,75,73,2,18,0.9733333333333334
GF_01097,71,71,66,5,21,0.9295774647887324
GF_01098,90,90,85,5,24,0.9444444444444444
GF_01099,47,47,46,1,9,0.9787234042553191
GF_01100,66,66,64,2,16,0.9696969696969697
GF_01101,50,50,49,1,11,0.98
GF_01102,140,140,81,59,40,0.5785714285714286
GF_01103,81,81,72,9,28,0.8888888888888888
GF_01104,72,71,19,53,19,0.2638888888888889
GF_01105,53,53,52,1,12,0.9811320754716981
GF_01106,54,54,53,1,12,0.9814814814814815
GF_01107,78,78,76,2,18,0.9743589743589743
GF_01108,68,68,67,1,16,0.9852941176470589
GF_01109,89,89,85,4,23,0.9550561797752809
GF_01110,86,84,81,5,23,0.9418604651162791
GF_01111,40,40,39,1,10,0.975
GF_01112,79,79,77,2,18,0.9746835443037974
GF_01113,51,51,50,1,11,0.9803921568627451
GF_01114,67,67,65,2,15,0.9701492537313433
GF_01115,71,71,69,2,17,0.971830985915493
GF_01116,43,43,43,0,9,1.0
GF_01117,65,65,64,1,15,0.9846153846153847
GF_01118,48,48,47,1,10,0.9791666666666666
GF_01119,89,89,85,4,23,0.9550561797752809
GF_01120,40,40,39,1,8,0.975
GF_01121,68,68,67,1,16,0.9852941176470589
GF_01122,254,254,120,134,64,0.47244094488188976
GF_01123,47,47,46,1,10,0.9787234042553191
GF_01124,71,71,69,2,15,0.971830985915493
GF_01125,71,71,69,2,15,0.971830985915493
GF_01126,83,83,81,2,18,0.9759036144578314
GF_01127,81,81,79,2,19,0.9753086419753086
GF_01128,96,96,84,12,24,0.875
GF_01129,83,83,81,2,19,0.9759036144578314
GF_01130,57,57,56,1,13,0.9824561403508771
GF_01131,76,76,74,2,18,0.9736842105263158
GF_01132,67,67,64,3,20,0.9552238805970149
GF_01133,89,89,85,4,23,0.9550561797752809
GF_01134,74,74,72,2,16,0.972972972972973
GF_01135,166,166,95,71,42,0.572289156626506
GF_01136,156,156,76,80,35,0.48717948717948717
GF_01137,41,41,0,41,7,0.0
GF_01138,280,277,122,158,69,0.4357142857142857
GF_01139,66,66,17,49,13,0.25757575757575757
GF_01140,48,48,14,34,16,0.2916666666666667
GF_01141,77,77,16,61,18,0.2077922077922078
GF_01142,48,44,9,39,9,0.1875
GF_01143,56,55,21,35,17,0.375
GF_01144,52,48,51,1,11,0.9807692307692307
GF_01145,71,71,13,58,14,0.18309859154929578
GF_01146,243,243,89,154,62,0.3662551440329218
GF_01147,51,51,0,51,2,0.0
GF_01148,66,66,0,66,3,0.0
GF_01149,89,89,0,89,4,0.0
GF_01150,46,46,0,46,2,0.0
GF_01151,45,45,0,45,2,0.0
GF_01152,92,92,0,92,4,0.0
GF_01153,52,52,0,52,2,0.0
GF_01154,77,77,0,77,4,0.0
GF_01155,46,46,0,46,4,0.0
GF_01156,90,90,36,54,34,0.4
GF_01157,76,76,12,64,21,0.15789473684210525
GF_01158,258,258,117,141,68,0.45348837209302323
GF_01159,48,48,47,1,13,0.9791666666666666
GF_01160,147,146,70,77,45,0.47619047619047616
GF_01161,72,72,70,2,15,0.9722222222222222
GF_01162,82,82,80,2,19,0.975609756097561
GF_01163,60,60,58,2,14,0.9666666666666667
GF_01164,40,40,0,40,3,0.0
GF_01165,93,93,0,93,4,0.0
GF_01166,147,147,0,147,4,0.0
GF_01167,72,72,0,72,3,0.0
GF_01168,119,119,0,119,4,0.0
GF_01169,92,92,0,92,4,0.0
GF_01170,128,128,0,128,3,0.0
GF_01171,75,75,0,75,3,0.0
GF_01172,96,96,0,96,4,0.0
GF_01173,67,67,0,67,3,0.0
GF_01174,86,86,0,86,4,0.0
GF_01175,59,59,7,52,5,0.11864406779661017
GF_01176,44,44,43,1,10,0.9772727272727273
GF_01177,64,64,62,2,14,0.96875
GF_01178,48,48,46,2,13,0.9583333333333334
GF_01179,40,40,36,4,8,0.9
GF_01180,72,72,70,2,16,0.9722222222222222
GF_01181,45,45,44,1,9,0.9777777777777777
GF_01182,275,263,132,143,67,0.48
GF_01183,50,50,50,0,11,1.0
GF_01184,82,82,72,10,20,0.8780487804878049
GF_01185,48,48,48,0,10,1.0
GF_01186,40,40,40,0,7,1.0
GF_01187,51,51,50,1,11,0.9803921568627451
GF_01188,59,59,57,2,15,0.9661016949152542
GF_01189,41,41,41,0,9,1.0
GF_01190,79,74,69,10,24,0.8734177215189873
GF_01191,47,47,46,1,10,0.9787234042553191
GF_01192,45,45,43,2,12,0.9555555555555556
GF_01193,527,439,162,365,78,0.30740037950664134
GF_01194,67,67,7,60,13,0.1044776119402985
GF_01195,78,78,75,3,19,0.9615384615384616
GF_01196,47,47,46,1,11,0.9787234042553191
GF_01197,65,65,64,1,20,0.9846153846153847
GF_01198,62,62,46,16,19,0.7419354838709677
GF_01199,57,56,51,6,19,0.8947368421052632
GF_01200,57,57,56,1,13,0.9824561403508771
GF_01201,64,64,38,26,18,0.59375
GF_01202,58,58,54,4,15,0.9310344827586207
GF_01203,53,53,53,0,12,1.0
GF_01204,68,68,66,2,16,0.9705882352941176
GF_01205,44,44,44,0,9,1.0
GF_01206,57,57,44,13,17,0.7719298245614035
GF_01207,46,46,45,1,9,0.9782608695652174
GF_01208,65,65,63,2,15,0.9692307692307692
GF_01209,43,43,42,1,9,0.9767441860465116
GF_01210,43,43,42,1,9,0.9767441860465116
GF_01211,51,51,50,1,12,0.9803921568627451
GF_01212,52,52,51,1,12,0.9807692307692307
GF_01213,64,64,58,6,16,0.90625
GF_01214,68,68,66,2,15,0.9705882352941176
GF_01215,41,41,41,0,9,1.0
GF_01216,72,72,70,2,16,0.9722222222222222
GF_01217,66,66,64,2,14,0.9696969696969697
GF_01218,80,80,78,2,18,0.975
GF_01219,47,47,46,1,9,0.9787234042553191
GF_01220,66,66,18,48,22,0.2727272727272727
GF_01221,227,226,113,114,59,0.4977973568281938
GF_01222,97,97,73,24,31,0.7525773195876289
GF_01223,111,111,80,31,38,0.7207207207207207
GF_01224,45,45,13,32,15,0.28888888888888886
GF_01225,56,56,5,51,12,0.08928571428571429
GF_01226,71,71,70,1,17,0.9859154929577465
GF_01227,60,60,59,1,14,0.9833333333333333
GF_01228,70,70,68,2,15,0.9714285714285714
GF_01229,53,53,51,2,12,0.9622641509433962
GF_01230,72,72,70,2,17,0.9722222222222222
GF_01231,64,64,62,2,16,0.96875
GF_01232,256,256,116,140,67,0.453125
GF_01233,40,40,4,36,7,0.1
GF_01234,41,40,16,25,23,0.3902439024390244
GF_01235,95,95,19,76,24,0.2
GF_01236,51,51,20,31,19,0.39215686274509803
GF_01237,174,174,63,111,45,0.3620689655172414
GF_01238,82,82,80,2,19,0.975609756097561
GF_01239,62,62,60,2,14,0.967741935483871
GF_01240,45,45,44,1,9,0.9777777777777777
GF_01241,41,41,40,1,7,0.975609756097561
GF_01242,92,92,86,6,25,0.9347826086956522
GF_01243,48,48,47,1,10,0.9791666666666666
GF_01244,74,74,72,2,17,0.972972972972973
GF_01245,139,139,104,35,42,0.7482014388489209
GF_01246,68,68,65,3,19,0.9558823529411765
GF_01247,52,52,50,2,11,0.9615384615384616
GF_01248,45,45,45,0,11,1.0
GF_01249,55,55,54,1,12,0.9818181818181818
GF_01250,60,60,59,1,14,0.9833333333333333
GF_01251,43,43,42,1,9,0.9767441860465116
GF_01252,65,65,63,2,15,0.9692307692307692
GF_01253,62,61,27,35,20,0.43548387096774194
GF_01254,61,61,59,2,13,0.9672131147540983
GF_01255,42,40,41,1,6,0.9761904761904762
GF_01256,60,60,58,2,15,0.9666666666666667
GF_01257,58,58,55,3,16,0.9482758620689655
GF_01258,45,45,44,1,9,0.9777777777777777
GF_01259,53,53,53,0,13,1.0
GF_01260,51,51,50,1,12,0.9803921568627451
GF_01261,79,79,77,2,18,0.9746835443037974
GF_01262,46,46,44,2,10,0.9565217391304348
GF_01263,207,207,100,107,49,0.4830917874396135
GF_01264,42,42,41,1,9,0.9761904761904762
GF_01265,41,41,40,1,8,0.975609756097561
GF_01266,52,52,51,1,12,0.9807692307692307
GF_01267,49,49,48,1,9,0.9795918367346939
GF_01268,49,49,48,1,10,0.9795918367346939
GF_01269,47,47,46,1,9,0.9787234042553191
GF_01270,42,42,41,1,8,0.9761904761904762
GF_01271,49,49,48,1,13,0.9795918367346939
GF_01272,73,73,71,2,17,0.9726027397260274
GF_01273,50,50,49,1,11,0.98
GF_01274,77,77,75,2,18,0.974025974025974
GF_01275,44,44,42,2,9,0.9545454545454546
GF_01276,45,45,32,13,8,0.7111111111111111
GF_01277,128,126,50,78,38,0.390625
GF_01278,72,72,70,2,17,0.9722222222222222
GF_01279,43,43,43,0,10,1.0
GF_01280,48,48,47,1,10,0.9791666666666666
GF_01281,78,74,76,2,21,0.9743589743589743
GF_01282,46,46,46,0,10,1.0
GF_01283,71,71,69,2,17,0.971830985915493
GF_01284,49,49,49,0,12,1.0
GF_01285,43,43,42,1,9,0.9767441860465116
GF_01286,71,71,67,4,18,0.9436619718309859
GF_01287,52,52,52,0,12,1.0
GF_01288,65,65,63,2,14,0.9692307692307692
GF_01289,44,44,44,0,9,1.0
GF_01290,60,60,56,4,22,0.9333333333333333
GF_01291,73,73,70,3,20,0.958904109589041
GF_01292,43,43,42,1,8,0.9767441860465116
GF_01293,66,66,65,1,15,0.9848484848484849
GF_01294,54,52,52,2,16,0.9629629629629629
GF_01295,49,49,48,1,11,0.9795918367346939
GF_01296,51,51,50,1,13,0.9803921568627451
GF_01297,46,46,46,0,11,1.0
GF_01298,56,56,0,56,4,0.0
GF_01299,138,138,0,138,6,0.0
GF_01300,57,57,0,57,2,0.0
GF_01301,52,52,0,52,2,0.0
GF_01302,90,90,0,90,4,0.0
GF_01303,45,45,0,45,2,0.0
GF_01304,42,42,0,42,1,0.0
GF_01305,147,147,0,147,4,0.0
GF_01306,119,119,3,116,9,0.025210084033613446
GF_01307,162,162,0,162,4,0.0
GF_01308,94,94,0,94,4,0.0
GF_01309,103,103,0,103,3,0.0
GF_01310,47,47,0,47,1,0.0
GF_01311,43,43,0,43,2,0.0
GF_01312,67,67,0,67,3,0.0
GF_01313,119,119,0,119,4,0.0
GF_01314,49,49,0,49,3,0.0
GF_01315,99,99,0,99,4,0.0
GF_01316,51,51,0,51,2,0.0
GF_01317,51,51,0,51,2,0.0
GF_01318,61,61,0,61,2,0.0
GF_01319,53,53,0,53,2,0.0
GF_01320,75,75,0,75,4,0.0
GF_01321,78,78,0,78,4,0.0
GF_01322,146,146,0,146,4,0.0
GF_01323,69,69,0,69,3,0.0
GF_01324,47,47,0,47,2,0.0
GF_01325,46,46,0,46,3,0.0
GF_01326,104,104,0,104,4,0.0
GF_01327,69,69,0,69,2,0.0
GF_01328,78,78,1,77,5,0.01282051282051282
GF_01329,74,74,0,74,3,0.0
GF_01330,147,147,0,147,4,0.0
GF_01331,40,40,0,40,2,0.0
GF_01332,86,86,0,86,4,0.0
GF_01333,274,274,99,175,60,0.3613138686131387
GF_01334,130,130,0,130,4,0.0
GF_01335,72,72,0,72,4,0.0
GF_01336,40,40,0,40,2,0.0
GF_01337,63,63,0,63,3,0.0
GF_01338,71,71,0,71,4,0.0
GF_01339,42,42,0,42,1,0.0
GF_01340,102,102,0,102,4,0.0
GF_01341,51,51,0,51,2,0.0
GF_01342,42,42,0,42,3,0.0
GF_01343,118,118,0,118,3,0.0
GF_01344,146,146,0,146,4,0.0
GF_01345,47,47,0,47,2,0.0
GF_01346,70,70,0,70,3,0.0
GF_01347,52,52,0,52,2,0.0
GF_01348,93,93,0,93,4,0.0
GF_01349,72,72,0,72,3,0.0
GF_01350,48,48,0,48,2,0.0
GF_01351,73,73,0,73,3,0.0
GF_01352,51,51,0,51,2,0.0
GF_01353,72,72,0,72,3,0.0
GF_01354,147,147,0,147,4,0.0
GF_01355,69,69,0,69,3,0.0
GF_01356,85,85,0,85,3,0.0
GF_01357,52,52,0,52,2,0.0
GF_01358,119,119,0,119,4,0.0
GF_01359,65,65,0,65,3,0.0
GF_01360,70,70,0,70,3,0.0
GF_01361,350,350,122,228,73,0.3485714285714286
GF_01362,74,74,0,74,4,0.0
GF_01363,52,52,0,52,2,0.0
GF_01364,68,68,0,68,2,0.0
GF_01365,41,41,0,41,2,0.0
GF_01366,122,73,0,122,4,0.0
GF_01367,49,49,0,49,2,0.0
GF_01368,51,51,0,51,2,0.0
GF_01369,92,92,0,92,4,0.0
GF_01370,146,146,0,146,4,0.0
GF_01371,65,65,0,65,3,0.0
GF_01372,75,75,4,71,7,0.05333333333333334
GF_01373,78,78,0,78,3,0.0
GF_01374,92,92,0,92,4,0.0
GF_01375,50,50,0,50,2,0.0
GF_01376,89,89,0,89,4,0.0
GF_01377,49,49,0,49,2,0.0
GF_01378,73,73,0,73,4,0.0
GF_01379,69,69,0,69,3,0.0
GF_01380,56,56,0,56,2,0.0
GF_01381,91,91,0,91,4,0.0
GF_01382,61,50,0,61,3,0.0
GF_01383,43,43,0,43,2,0.0
GF_01384,147,147,0,147,4,0.0
GF_01385,70,70,0,70,3,0.0
GF_01386,99,99,0,99,4,0.0
GF_01387,66,64,0,66,2,0.0
GF_01388,67,67,0,67,3,0.0
GF_01389,50,50,0,50,2,0.0
GF_01390,96,96,0,96,3,0.0
GF_01391,73,73,0,73,3,0.0
GF_01392,96,96,0,96,3,0.0
GF_01393,47,47,0,47,3,0.0
GF_01394,42,42,0,42,3,0.0
GF_01395,130,130,0,130,4,0.0
GF_01396,58,58,0,58,2,0.0
GF_01397,67,67,0,67,3,0.0
GF_01398,104,104,0,104,4,0.0
GF_01399,61,61,0,61,4,0.0
GF_01400,46,46,0,46,2,0.0
GF_01401,49,49,0,49,2,0.0
GF_01402,72,72,0,72,3,0.0
GF_01403,58,58,0,58,3,0.0
GF_01404,56,56,0,56,4,0.0
GF_01405,41,41,0,41,3,0.0
GF_01406,68,68,0,68,3,0.0
GF_01407,54,54,0,54,3,0.0
GF_01408,147,147,0,147,4,0.0
GF_01409,70,70,0,70,3,0.0
GF_01410,56,56,0,56,2,0.0
GF_01411,49,49,0,49,2,0.0
GF_01412,96,96,0,96,4,0.0
GF_01413,69,69,0,69,3,0.0
GF_01414,63,63,0,63,4,0.0
GF_01415,92,92,0,92,4,0.0
GF_01416,40,40,0,40,2,0.0
GF_01417,51,51,0,51,2,0.0
GF_01418,55,55,0,55,3,0.0
GF_01419,56,56,0,56,3,0.0
GF_01420,81,75,0,81,3,0.0
GF_01421,70,70,0,70,3,0.0
GF_01422,41,41,0,41,2,0.0
GF_01423,90,90,0,90,4,0.0
GF_01424,89,89,0,89,4,0.0
GF_01425,117,117,0,117,4,0.0
GF_01426,73,73,0,73,3,0.0
GF_01427,78,77,0,78,4,0.0
GF_01428,93,93,0,93,4,0.0
GF_01429,147,147,0,147,4,0.0
GF_01430,88,88,0,88,4,0.0
GF_01431,150,150,0,150,4,0.0
GF_01432,91,91,0,91,4,0.0
GF_01433,147,147,0,147,4,0.0
GF_01434,72,72,0,72,4,0.0
GF_01435,48,48,0,48,3,0.0
GF_01436,71,71,0,71,3,0.0
GF_01437,147,147,0,147,4,0.0
GF_01438,86,86,0,86,4,0.0
GF_01439,48,48,0,48,2,0.0
GF_01440,68,68,0,68,3,0.0
GF_01441,106,106,0,106,4,0.0
GF_01442,42,42,0,42,1,0.0
GF_01443,48,48,0,48,3,0.0
GF_01444,54,54,0,54,3,0.0
GF_01445,70,70,0,70,3,0.0
GF_01446,49,49,0,49,3,0.0
GF_01447,90,90,0,90,4,0.0
GF_01448,47,47,0,47,2,0.0
GF_01449,84,83,0,84,4,0.0
GF_01450,92,92,0,92,4,0.0
GF_01451,147,147,0,147,4,0.0
GF_01452,72,72,0,72,3,0.0
GF_01453,118,118,0,118,4,0.0
GF_01454,47,47,0,47,2,0.0
GF_01455,75,75,0,75,3,0.0
GF_01456,89,89,0,89,4,0.0
GF_01457,85,85,81,4,20,0.9529411764705882
GF_01458,66,66,64,2,14,0.9696969696969697
GF_01459,79,79,78,1,18,0.9873417721518988
GF_01460,48,48,47,1,16,0.9791666666666666
GF_01461,73,73,0,73,3,0.0
GF_01462,446,446,131,315,80,0.2937219730941704
GF_01463,69,69,0,69,3,0.0
GF_01464,117,117,0,117,4,0.0
GF_01465,57,57,0,57,3,0.0
GF_01466,92,92,0,92,4,0.0
GF_01467,105,105,0,105,4,0.0
GF_01468,119,119,0,119,4,0.0
GF_01469,41,41,0,41,4,0.0
GF_01470,105,105,0,105,4,0.0
GF_01471,86,86,0,86,4,0.0
GF_01472,81,81,0,81,4,0.0
GF_01473,102,102,0,102,3,0.0
GF_01474,74,74,0,74,3,0.0
GF_01475,44,44,0,44,2,0.0
GF_01476,57,57,0,57,3,0.0
GF_01477,99,99,0,99,4,0.0
GF_01478,107,67,2,105,4,0.018691588785046728
GF_01479,58,58,0,58,3,0.0
GF_01480,146,146,0,146,4,0.0
GF_01481,118,118,0,118,4,0.0
GF_01482,147,147,0,147,4,0.0
GF_01483,57,57,0,57,3,0.0
GF_01484,40,40,0,40,4,0.0
GF_01485,105,105,0,105,4,0.0
GF_01486,71,71,0,71,4,0.0
GF_01487,74,73,0,74,3,0.0
GF_01488,120,120,0,120,4,0.0
GF_01489,86,86,0,86,4,0.0
GF_01490,147,147,0,147,4,0.0
GF_01491,90,90,0,90,4,0.0
GF_01492,103,103,0,103,4,0.0
GF_01493,159,159,9,150,7,0.05660377358490566
GF_01494,69,68,54,15,23,0.782608695652174
GF_01495,282,277,123,159,68,0.43617021276595747
GF_01496,156,156,65,91,47,0.4166666666666667
GF_01497,90,90,86,4,24,0.9555555555555556
GF_01498,283,283,122,161,74,0.43109540636042404
GF_01499,72,72,40,32,21,0.5555555555555556
GF_01500,120,120,102,18,41,0.85
GF_01501,458,441,147,311,79,0.32096069868995636
GF_01502,285,285,122,163,72,0.4280701754385965
GF_01503,106,106,55,51,29,0.5188679245283019
GF_01504,81,81,74,7,23,0.9135802469135802
GF_01505,54,54,52,2,14,0.9629629629629629
GF_01506,49,49,4,45,14,0.08163265306122448
GF_01507,99,99,86,13,34,0.8686868686868687
GF_01508,55,55,9,46,16,0.16363636363636364
GF_01509,45,45,1,44,13,0.022222222222222223
GF_01510,225,224,124,101,66,0.5511111111111111
GF_01511,90,90,85,5,22,0.9444444444444444
GF_01512,49,49,48,1,9,0.9795918367346939
GF_01513,47,47,46,1,9,0.9787234042553191
GF_01514,250,250,120,130,68,0.48
GF_01515,54,54,53,1,12,0.9814814814814815
GF_01516,43,43,42,1,8,0.9767441860465116
GF_01517,59,59,57,2,15,0.9661016949152542
GF_01518,57,57,56,1,13,0.9824561403508771
GF_01519,44,44,40,4,11,0.9090909090909091
GF_01520,58,58,57,1,14,0.9827586206896551
GF_01521,49,49,48,1,10,0.9795918367346939
GF_01522,46,46,44,2,11,0.9565217391304348
GF_01523,50,50,48,2,13,0.96
GF_01524,40,40,39,1,9,0.975
GF_01525,54,54,53,1,13,0.9814814814814815
GF_01526,62,62,60,2,14,0.967741935483871
GF_01527,90,90,85,5,24,0.9444444444444444
GF_01528,49,49,47,2,12,0.9591836734693877
GF_01529,63,63,62,1,13,0.9841269841269841
GF_01530,42,42,41,1,11,0.9761904761904762
GF_01531,71,71,69,2,17,0.971830985915493
GF_01532,56,55,33,23,13,0.5892857142857143
GF_01533,45,45,44,1,11,0.9777777777777777
GF_01534,47,47,46,1,9,0.9787234042553191
GF_01535,86,86,84,2,21,0.9767441860465116
GF_01536,55,55,54,1,13,0.9818181818181818
GF_01537,44,44,26,18,25,0.5909090909090909
GF_01538,69,69,67,2,16,0.9710144927536232
GF_01539,47,47,46,1,9,0.9787234042553191
GF_01540,47,47,46,1,9,0.9787234042553191
GF_01541,71,71,69,2,16,0.971830985915493
GF_01542,40,40,40,0,8,1.0
GF_01543,53,53,53,0,13,1.0
GF_01544,50,50,49,1,11,0.98
GF_01545,45,45,44,1,9,0.9777777777777777
GF_01546,64,64,62,2,14,0.96875
GF_01547,58,58,56,2,14,0.9655172413793104
GF_01548,43,43,43,0,9,1.0
GF_01549,48,48,47,1,10,0.9791666666666666
GF_01550,58,43,57,1,10,0.9827586206896551
GF_01551,42,42,42,0,9,1.0
GF_01552,44,44,42,2,12,0.9545454545454546
GF_01553,96,96,85,11,26,0.8854166666666666
GF_01554,69,69,66,3,19,0.9565217391304348
GF_01555,378,378,119,259,77,0.3148148148148148
GF_01556,90,90,83,7,25,0.9222222222222223
GF_01557,70,70,68,2,15,0.9714285714285714
GF_01558,52,52,50,2,16,0.9615384615384616
GF_01559,131,131,96,35,38,0.732824427480916
GF_01560,89,89,23,66,28,0.25842696629213485
GF_01561,258,258,38,220,44,0.14728682170542637
GF_01562,52,52,51,1,10,0.9807692307692307
GF_01563,55,54,55,0,12,1.0
GF_01564,40,40,39,1,9,0.975
GF_01565,79,79,77,2,17,0.9746835443037974
GF_01566,159,157,99,60,47,0.6226415094339622
GF_01567,59,59,58,1,13,0.9830508474576272
GF_01568,140,140,96,44,38,0.6857142857142857
GF_01569,44,44,44,0,10,1.0
GF_01570,70,70,67,3,20,0.9571428571428572
GF_01571,76,76,74,2,17,0.9736842105263158
GF_01572,79,79,77,2,19,0.9746835443037974
GF_01573,57,57,56,1,14,0.9824561403508771
GF_01574,97,97,90,7,25,0.9278350515463918
GF_01575,46,46,44,2,11,0.9565217391304348
GF_01576,55,50,48,7,15,0.8727272727272727
GF_01577,69,69,67,2,16,0.9710144927536232
GF_01578,81,81,79,2,18,0.9753086419753086
GF_01579,54,54,53,1,12,0.9814814814814815
GF_01580,57,56,56,1,14,0.9824561403508771
GF_01581,50,50,48,2,13,0.96
GF_01582,44,44,44,0,11,1.0
GF_01583,64,64,63,1,15,0.984375
GF_01584,62,62,60,2,18,0.967741935483871
GF_01585,88,88,84,4,23,0.9545454545454546
GF_01586,72,72,70,2,17,0.9722222222222222
GF_01587,64,64,62,2,14,0.96875
GF_01588,47,47,44,3,15,0.9361702127659575
GF_01589,58,58,57,1,12,0.9827586206896551
GF_01590,53,53,52,1,12,0.9811320754716981
GF_01591,53,53,52,1,13,0.9811320754716981
GF_01592,70,70,68,2,15,0.9714285714285714
GF_01593,50,50,5,45,8,0.1
GF_01594,76,76,11,65,17,0.14473684210526316
GF_01595,83,83,76,7,23,0.9156626506024096
GF_01596,333,326,107,226,57,0.3213213213213213
GF_01597,79,79,72,7,24,0.9113924050632911
GF_01598,46,46,12,34,22,0.2608695652173913
GF_01599,53,53,9,44,14,0.16981132075471697
GF_01600,77,73,31,46,25,0.4025974025974026
GF_01601,119,119,27,92,29,0.226890756302521
GF_01602,46,46,39,7,18,0.8478260869565217
GF_01603,94,94,78,16,37,0.8297872340425532
GF_01604,130,130,93,37,39,0.7153846153846154
GF_01605,47,47,15,32,16,0.3191489361702128
GF_01606,107,107,87,20,36,0.8130841121495327
GF_01607,42,42,2,40,5,0.047619047619047616
GF_01608,42,42,1,41,3,0.023809523809523808
GF_01609,93,93,82,11,25,0.8817204301075269
GF_01610,48,48,47,1,10,0.9791666666666666
GF_01611,56,56,55,1,14,0.9821428571428571
GF_01612,77,77,73,4,21,0.948051948051948
GF_01613,43,43,42,1,11,0.9767441860465116
GF_01614,78,78,76,2,19,0.9743589743589743
GF_01615,43,43,42,1,8,0.9767441860465116
GF_01616,44,44,43,1,8,0.9772727272727273
GF_01617,47,47,47,0,10,1.0
GF_01618,59,59,58,1,14,0.9830508474576272
GF_01619,64,64,62,2,12,0.96875
GF_01620,55,55,54,1,13,0.9818181818181818
GF_01621,86,86,82,4,22,0.9534883720930233
GF_01622,40,40,40,0,8,1.0
GF_01623,41,41,41,0,9,1.0
GF_01624,66,66,64,2,12,0.9696969696969697
GF_01625,72,72,70,2,17,0.9722222222222222
GF_01626,68,68,66,2,16,0.9705882352941176
GF_01627,47,47,46,1,8,0.9787234042553191
GF_01628,55,55,54,1,11,0.9818181818181818
GF_01629,48,46,48,0,10,1.0
GF_01630,129,129,86,43,30,0.6666666666666666
GF_01631,85,85,80,5,22,0.9411764705882353
GF_01632,88,88,83,5,22,0.9431818181818182
GF_01633,81,81,79,2,17,0.9753086419753086
GF_01634,76,76,74,2,16,0.9736842105263158
GF_01635,91,78,71,20,36,0.7802197802197802
GF_01636,84,84,82,2,19,0.9761904761904762
GF_01637,44,44,33,11,10,0.75
GF_01638,61,61,60,1,14,0.9836065573770492
GF_01639,73,73,71,2,16,0.9726027397260274
GF_01640,81,81,79,2,19,0.9753086419753086
GF_01641,78,73,73,5,19,0.9358974358974359
GF_01642,67,67,66,1,16,0.9850746268656716
GF_01643,80,80,78,2,18,0.975
GF_01644,68,68,66,2,14,0.9705882352941176
GF_01645,56,56,55,1,12,0.9821428571428571
GF_01646,48,47,46,2,12,0.9583333333333334
GF_01647,41,41,20,21,13,0.4878048780487805
GF_01648,41,41,40,1,10,0.975609756097561
GF_01649,99,99,89,10,33,0.898989898989899
GF_01650,49,46,29,20,16,0.5918367346938775
GF_01651,109,109,99,10,32,0.908256880733945
GF_01652,108,107,70,38,23,0.6481481481481481
GF_01653,41,41,40,1,11,0.975609756097561
GF_01654,283,279,133,150,76,0.46996466431095407
GF_01655,61,58,56,5,20,0.9180327868852459
GF_01656,52,52,26,26,23,0.5
GF_01657,169,169,105,64,50,0.621301775147929
GF_01658,48,48,40,8,19,0.8333333333333334
GF_01659,81,74,50,31,17,0.6172839506172839
GF_01660,47,47,38,9,21,0.8085106382978723
GF_01661,62,62,18,44,14,0.2903225806451613
GF_01662,69,69,28,41,27,0.4057971014492754
GF_01663,49,49,19,30,23,0.3877551020408163
GF_01664,44,44,10,34,7,0.22727272727272727
GF_01665,47,47,13,34,12,0.2765957446808511
GF_01666,218,217,23,195,25,0.10550458715596331
GF_01667,93,92,76,17,31,0.8172043010752689
GF_01668,126,126,88,38,45,0.6984126984126984
GF_01669,75,73,67,8,23,0.8933333333333333
GF_01670,169,169,91,78,47,0.5384615384615384
GF_01671,43,43,1,42,7,0.023255813953488372
GF_01672,81,81,51,30,27,0.6296296296296297
GF_01673,94,94,58,36,37,0.6170212765957447
GF_01674,123,123,71,52,33,0.5772357723577236
GF_01675,160,160,105,55,45,0.65625
GF_01676,40,40,0,40,7,0.0
GF_01677,46,44,3,43,9,0.06521739130434782
GF_01678,126,126,97,29,41,0.7698412698412699
GF_01679,82,82,80,2,20,0.975609756097561
GF_01680,50,50,49,1,12,0.98
GF_01681,89,89,84,5,24,0.9438202247191011
GF_01682,68,68,60,8,18,0.8823529411764706
GF_01683,42,42,41,1,8,0.9761904761904762
GF_01684,60,60,56,4,19,0.9333333333333333
GF_01685,81,81,76,5,21,0.9382716049382716
GF_01686,40,40,39,1,9,0.975
GF_01687,42,42,41,1,9,0.9761904761904762
GF_01688,56,52,53,3,15,0.9464285714285714
GF_01689,44,44,44,0,10,1.0
GF_01690,60,60,59,1,15,0.9833333333333333
GF_01691,51,51,50,1,12,0.9803921568627451
GF_01692,74,74,72,2,16,0.972972972972973
GF_01693,48,48,47,1,10,0.9791666666666666
GF_01694,46,46,45,1,9,0.9782608695652174
GF_01695,77,77,75,2,17,0.974025974025974
GF_01696,76,76,74,2,18,0.9736842105263158
GF_01697,69,69,67,2,14,0.9710144927536232
GF_01698,48,48,47,1,9,0.9791666666666666
GF_01699,92,92,69,23,29,0.75
GF_01700,69,69,25,44,15,0.36231884057971014
GF_01701,100,100,83,17,30,0.83
GF_01702,90,90,86,4,24,0.9555555555555556
GF_01703,75,75,73,2,18,0.9733333333333334
GF_01704,70,70,68,2,16,0.9714285714285714
GF_01705,42,42,42,0,8,1.0
GF_01706,46,46,45,1,9,0.9782608695652174
GF_01707,44,44,44,0,9,1.0
GF_01708,93,93,86,7,27,0.9247311827956989
GF_01709,51,51,50,1,11,0.9803921568627451
GF_01710,73,73,72,1,17,0.9863013698630136
GF_01711,65,65,59,6,25,0.9076923076923077
GF_01712,43,41,15,28,24,0.3488372093023256
GF_01713,77,77,75,2,17,0.974025974025974
GF_01714,57,57,55,2,14,0.9649122807017544
GF_01715,65,65,63,2,18,0.9692307692307692
GF_01716,75,75,69,6,21,0.92
GF_01717,43,43,43,0,8,1.0
GF_01718,43,43,42,1,8,0.9767441860465116
GF_01719,70,70,68,2,17,0.9714285714285714
GF_01720,246,246,119,127,65,0.483739837398374
GF_01721,68,68,12,56,15,0.17647058823529413
GF_01722,161,161,95,66,47,0.5900621118012422
GF_01723,124,124,87,37,38,0.7016129032258065
GF_01724,50,50,0,50,5,0.0
GF_01725,147,147,0,147,4,0.0
GF_01726,42,42,0,42,3,0.0
GF_01727,92,92,0,92,3,0.0
GF_01728,64,64,0,64,3,0.0
GF_01729,54,42,45,9,15,0.8333333333333334
GF_01730,120,120,93,27,32,0.775
GF_01731,118,118,92,26,34,0.7796610169491526
GF_01732,90,90,85,5,24,0.9444444444444444
GF_01733,138,137,97,41,39,0.7028985507246377
GF_01734,81,81,77,4,21,0.9506172839506173
GF_01735,76,76,68,8,23,0.8947368421052632
GF_01736,43,43,37,6,15,0.8604651162790697
GF_01737,135,135,29,106,34,0.21481481481481482
GF_01738,91,77,89,2,17,0.978021978021978
GF_01739,62,61,58,4,19,0.9354838709677419
GF_01740,84,84,81,3,23,0.9642857142857143
GF_01741,114,114,88,26,30,0.7719298245614035
GF_01742,121,121,65,56,37,0.5371900826446281
GF_01743,196,175,94,102,55,0.47959183673469385
GF_01744,46,46,46,0,10,1.0
GF_01745,52,52,51,1,11,0.9807692307692307
GF_01746,66,66,62,4,16,0.9393939393939394
GF_01747,72,72,70,2,15,0.9722222222222222
GF_01748,51,51,51,0,12,1.0
GF_01749,64,64,60,4,15,0.9375
GF_01750,68,67,66,2,19,0.9705882352941176
GF_01751,45,45,44,1,8,0.9777777777777777
GF_01752,56,56,55,1,13,0.9821428571428571
GF_01753,43,43,42,1,8,0.9767441860465116
GF_01754,73,73,71,2,16,0.9726027397260274
GF_01755,62,62,59,3,17,0.9516129032258065
GF_01756,51,51,3,48,8,0.058823529411764705
GF_01757,69,69,11,58,21,0.15942028985507245
GF_01758,188,188,90,98,44,0.4787234042553192
GF_01759,149,148,94,55,40,0.6308724832214765
GF_01760,44,44,42,2,10,0.9545454545454546
GF_01761,60,60,39,21,24,0.65
GF_01762,75,75,73,2,16,0.9733333333333334
GF_01763,90,90,82,8,25,0.9111111111111111
GF_01764,57,57,56,1,12,0.9824561403508771
GF_01765,159,159,100,59,44,0.6289308176100629
GF_01766,84,84,82,2,20,0.9761904761904762
GF_01767,101,101,84,17,28,0.8316831683168316
GF_01768,67,67,65,2,16,0.9701492537313433
GF_01769,46,46,45,1,9,0.9782608695652174
GF_01770,99,99,82,17,32,0.8282828282828283
GF_01771,45,45,44,1,12,0.9777777777777777
GF_01772,66,66,64,2,16,0.9696969696969697
GF_01773,45,45,44,1,9,0.9777777777777777
GF_01774,70,70,68,2,15,0.9714285714285714
GF_01775,72,72,70,2,17,0.9722222222222222
GF_01776,55,55,54,1,13,0.9818181818181818
GF_01777,53,53,52,1,12,0.9811320754716981
GF_01778,45,45,44,1,10,0.9777777777777777
GF_01779,84,84,82,2,20,0.9761904761904762
GF_01780,79,79,77,2,18,0.9746835443037974
GF_01781,45,45,44,1,9,0.9777777777777777
GF_01782,79,79,77,2,17,0.9746835443037974
GF_01783,62,62,60,2,12,0.967741935483871
GF_01784,93,83,91,2,19,0.978494623655914
GF_01785,89,80,62,27,16,0.6966292134831461
GF_01786,50,50,49,1,11,0.98
GF_01787,295,295,130,165,75,0.4406779661016949
GF_01788,82,82,80,2,19,0.975609756097561
GF_01789,56,56,47,9,14,0.8392857142857143
GF_01790,52,52,51,1,12,0.9807692307692307
GF_01791,69,69,63,6,22,0.9130434782608695
GF_01792,64,64,62,2,15,0.96875
GF_01793,44,44,43,1,9,0.9772727272727273
GF_01794,66,66,64,2,14,0.9696969696969697
GF_01795,61,61,60,1,17,0.9836065573770492
GF_01796,52,52,52,0,13,1.0
GF_01797,54,54,52,2,14,0.9629629629629629
GF_01798,57,57,56,1,13,0.9824561403508771
GF_01799,65,65,63,2,15,0.9692307692307692
GF_01800,58,58,57,1,11,0.9827586206896551
GF_01801,54,54,47,7,17,0.8703703703703703
GF_01802,77,76,75,2,15,0.974025974025974
GF_01803,62,62,61,1,15,0.9838709677419355
GF_01804,49,49,48,1,9,0.9795918367346939
GF_01805,62,62,61,1,13,0.9838709677419355
GF_01806,44,44,44,0,9,1.0
GF_01807,81,81,78,3,20,0.9629629629629629
GF_01808,86,86,82,4,21,0.9534883720930233
GF_01809,45,45,42,3,14,0.9333333333333333
GF_01810,50,50,19,31,22,0.38
GF_01811,40,40,11,29,17,0.275
GF_01812,50,50,7,43,8,0.14
GF_01813,143,143,75,68,36,0.5244755244755245
GF_01814,42,42,1,41,3,0.023809523809523808
GF_01815,82,82,18,64,28,0.21951219512195122
GF_01816,57,55,20,37,20,0.3508771929824561
GF_01817,105,104,94,11,30,0.8952380952380953
GF_01818,56,56,25,31,20,0.44642857142857145
GF_01819,229,229,112,117,69,0.4890829694323144
GF_01820,266,266,26,240,37,0.09774436090225563
GF_01821,226,222,120,106,64,0.5309734513274337
GF_01822,65,65,53,12,22,0.8153846153846154
GF_01823,55,55,48,7,18,0.8727272727272727
GF_01824,50,50,45,5,18,0.9
GF_01825,235,231,128,107,65,0.5446808510638298
GF_01826,63,63,62,1,17,0.9841269841269841
GF_01827,275,275,128,147,74,0.46545454545454545
GF_01828,106,106,21,85,28,0.19811320754716982
GF_01829,147,147,0,147,4,0.0
GF_01830,67,57,0,67,1,0.0
GF_01831,147,147,0,147,4,0.0
GF_01832,50,50,0,50,2,0.0
GF_01833,147,147,0,147,4,0.0
GF_01834,147,147,0,147,4,0.0
GF_01835,138,138,0,138,5,0.0
GF_01836,109,109,0,109,4,0.0
GF_01837,143,143,0,143,4,0.0
GF_01838,75,75,0,75,3,0.0
GF_01839,147,147,0,147,4,0.0
GF_01840,55,55,0,55,2,0.0
GF_01841,100,53,0,100,2,0.0
GF_01842,45,45,0,45,4,0.0
GF_01843,122,122,0,122,3,0.0
GF_01844,147,147,0,147,4,0.0
GF_01845,52,52,0,52,2,0.0
GF_01846,60,60,0,60,3,0.0
GF_01847,115,115,0,115,3,0.0
GF_01848,77,77,0,77,4,0.0
GF_01849,43,43,0,43,2,0.0
GF_01850,119,119,0,119,4,0.0
GF_01851,147,147,0,147,4,0.0
GF_01852,147,147,0,147,4,0.0
GF_01853,43,43,0,43,1,0.0
GF_01854,41,41,0,41,2,0.0
GF_01855,50,50,16,34,13,0.32
GF_01856,46,46,45,1,9,0.9782608695652174
GF_01857,62,62,60,2,11,0.967741935483871
GF_01858,60,57,35,25,20,0.5833333333333334
GF_01859,76,76,74,2,18,0.9736842105263158
GF_01860,134,134,104,30,42,0.7761194029850746
GF_01861,80,80,78,2,21,0.975
GF_01862,44,44,43,1,11,0.9772727272727273
GF_01863,57,57,56,1,10,0.9824561403508771
GF_01864,41,41,40,1,10,0.975609756097561
GF_01865,41,41,41,0,8,1.0
GF_01866,47,44,45,2,12,0.9574468085106383
GF_01867,56,56,46,10,12,0.8214285714285714
GF_01868,42,42,41,1,11,0.9761904761904762
GF_01869,69,69,67,2,16,0.9710144927536232
GF_01870,80,79,78,2,18,0.975
GF_01871,44,44,43,1,8,0.9772727272727273
GF_01872,79,79,15,64,19,0.189873417721519
GF_01873,73,72,68,5,22,0.9315068493150684
GF_01874,51,51,49,2,11,0.9607843137254902
GF_01875,55,55,54,1,13,0.9818181818181818
GF_01876,40,40,40,0,11,1.0
GF_01877,41,41,40,1,10,0.975609756097561
GF_01878,69,69,67,2,18,0.9710144927536232
GF_01879,69,69,67,2,16,0.9710144927536232
GF_01880,90,90,80,10,22,0.8888888888888888
GF_01881,46,46,46,0,11,1.0
GF_01882,46,46,45,1,9,0.9782608695652174
GF_01883,45,43,45,0,9,1.0
GF_01884,82,82,78,4,21,0.9512195121951219
GF_01885,48,48,46,2,13,0.9583333333333334
GF_01886,47,47,46,1,9,0.9787234042553191
GF_01887,66,66,64,2,18,0.9696969696969697
GF_01888,48,48,47,1,9,0.9791666666666666
GF_01889,65,65,64,1,17,0.9846153846153847
GF_01890,87,87,82,5,24,0.9425287356321839
GF_01891,79,79,77,2,18,0.9746835443037974
GF_01892,49,49,47,2,11,0.9591836734693877
GF_01893,84,84,82,2,19,0.9761904761904762
GF_01894,56,56,55,1,11,0.9821428571428571
GF_01895,77,77,75,2,18,0.974025974025974
GF_01896,78,78,76,2,18,0.9743589743589743
GF_01897,64,64,63,1,16,0.984375
GF_01898,121,121,77,44,30,0.6363636363636364
GF_01899,88,88,84,4,22,0.9545454545454546
GF_01900,46,46,44,2,16,0.9565217391304348
GF_01901,59,59,57,2,11,0.9661016949152542
GF_01902,76,72,63,13,22,0.8289473684210527
GF_01903,62,62,8,54,11,0.12903225806451613
GF_01904,51,51,50,1,12,0.9803921568627451
GF_01905,63,62,48,15,19,0.7619047619047619
GF_01906,199,199,116,83,55,0.5829145728643216
GF_01907,57,57,23,34,8,0.40350877192982454
GF_01908,47,47,28,19,16,0.5957446808510638
GF_01909,239,131,154,85,38,0.6443514644351465
GF_01910,41,41,2,39,6,0.04878048780487805
GF_01911,72,72,9,63,14,0.125
GF_01912,43,43,8,35,6,0.18604651162790697
GF_01913,40,40,1,39,7,0.025
GF_01914,40,40,2,38,6,0.05
GF_01915,48,48,3,45,7,0.0625
GF_01916,42,42,1,41,9,0.023809523809523808
GF_01917,54,54,51,3,15,0.9444444444444444
GF_01918,153,153,98,55,39,0.6405228758169934
GF_01919,76,76,66,10,27,0.868421052631579
GF_01920,62,62,56,6,17,0.9032258064516129
GF_01921,62,62,58,4,20,0.9354838709677419
GF_01922,99,99,85,14,27,0.8585858585858586
GF_01923,96,96,85,11,26,0.8854166666666666
GF_01924,166,166,30,136,40,0.18072289156626506
GF_01925,69,69,39,30,18,0.5652173913043478
GF_01926,91,90,86,5,24,0.945054945054945
GF_01927,58,58,54,4,14,0.9310344827586207
GF_01928,263,263,114,149,66,0.43346007604562736
GF_01929,55,55,51,4,13,0.9272727272727272
GF_01930,56,56,52,4,15,0.9285714285714286
GF_01931,193,193,101,92,45,0.5233160621761658
GF_01932,259,259,114,145,68,0.44015444015444016
GF_01933,84,84,82,2,19,0.9761904761904762
GF_01934,83,83,81,2,19,0.9759036144578314
GF_01935,41,41,29,12,21,0.7073170731707317
GF_01936,82,82,80,2,18,0.975609756097561
GF_01937,82,82,78,4,21,0.9512195121951219
GF_01938,50,50,49,1,11,0.98
GF_01939,87,87,83,4,22,0.9540229885057471
GF_01940,50,50,50,0,12,1.0
GF_01941,55,54,50,5,18,0.9090909090909091
GF_01942,77,76,76,1,17,0.987012987012987
GF_01943,50,50,48,2,13,0.96
GF_01944,84,84,82,2,19,0.9761904761904762
GF_01945,62,62,60,2,17,0.967741935483871
GF_01946,61,61,60,1,14,0.9836065573770492
GF_01947,88,88,84,4,22,0.9545454545454546
GF_01948,84,84,82,2,19,0.9761904761904762
GF_01949,84,84,66,18,34,0.7857142857142857
GF_01950,84,84,80,4,21,0.9523809523809523
GF_01951,273,273,121,152,68,0.4432234432234432
GF_01952,357,354,126,231,76,0.35294117647058826
GF_01953,56,56,42,14,23,0.75
GF_01954,323,323,118,205,70,0.3653250773993808
GF_01955,46,46,32,14,16,0.6956521739130435
GF_01956,60,60,21,39,19,0.35
GF_01957,56,56,23,33,19,0.4107142857142857
GF_01958,69,69,62,7,19,0.8985507246376812
GF_01959,269,269,118,151,61,0.43866171003717475
GF_01960,199,199,105,94,52,0.5276381909547738
GF_01961,119,119,105,14,37,0.8823529411764706
GF_01962,180,180,97,83,55,0.5388888888888889
GF_01963,188,187,101,87,48,0.5372340425531915
GF_01964,95,94,75,20,32,0.7894736842105263
GF_01965,117,117,101,16,37,0.8632478632478633
GF_01966,83,83,78,5,21,0.9397590361445783
GF_01967,194,194,111,83,54,0.5721649484536082
GF_01968,145,145,35,110,41,0.2413793103448276
GF_01969,171,171,85,86,44,0.49707602339181284
GF_01970,62,59,10,52,7,0.16129032258064516
GF_01971,119,119,0,119,4,0.0
GF_01972,147,147,0,147,4,0.0
GF_01973,147,147,0,147,4,0.0
GF_01974,58,58,0,58,2,0.0
GF_01975,45,45,0,45,2,0.0
GF_01976,109,109,0,109,4,0.0
GF_01977,95,95,0,95,4,0.0
GF_01978,116,116,0,116,4,0.0
GF_01979,45,45,0,45,2,0.0
GF_01980,41,41,0,41,2,0.0
GF_01981,147,147,0,147,4,0.0
GF_01982,95,95,0,95,4,0.0
GF_01983,83,83,0,83,3,0.0
GF_01984,147,147,0,147,4,0.0
GF_01985,55,55,0,55,2,0.0
GF_01986,145,145,0,145,4,0.0
GF_01987,122,122,0,122,3,0.0
GF_01988,40,40,0,40,1,0.0
GF_01989,74,74,0,74,2,0.0
GF_01990,43,43,0,43,2,0.0
GF_01991,95,95,0,95,3,0.0
GF_01992,101,96,0,101,4,0.0
GF_01993,70,70,0,70,4,0.0
GF_01994,147,147,0,147,4,0.0
GF_01995,55,55,0,55,3,0.0
GF_01996,72,72,0,72,2,0.0
GF_01997,53,53,0,53,2,0.0
GF_01998,69,69,0,69,3,0.0
GF_01999,40,40,0,40,1,0.0
GF_02000,70,70,0,70,3,0.0
GF_02001,122,122,0,122,3,0.0
GF_02002,72,72,0,72,3,0.0
GF_02003,108,108,0,108,4,0.0
GF_02004,109,109,0,109,4,0.0
GF_02005,147,147,0,147,4,0.0
GF_02006,109,109,0,109,4,0.0
GF_02007,104,104,0,104,4,0.0
GF_02008,68,68,0,68,2,0.0
GF_02009,53,53,0,53,2,0.0
GF_02010,147,147,0,147,4,0.0
GF_02011,76,76,0,76,2,0.0
GF_02012,91,91,0,91,4,0.0
GF_02013,63,63,0,63,2,0.0
GF_02014,72,72,0,72,4,0.0
GF_02015,147,147,0,147,4,0.0
GF_02016,147,147,0,147,4,0.0
GF_02017,63,63,7,56,11,0.1111111111111111
GF_02018,99,99,22,77,28,0.2222222222222222
GF_02019,129,129,34,95,34,0.26356589147286824
GF_02020,94,94,36,58,28,0.3829787234042553
GF_02021,59,59,18,41,24,0.3050847457627119
GF_02022,71,71,69,2,15,0.971830985915493
GF_02023,72,72,70,2,17,0.9722222222222222
GF_02024,84,84,82,2,19,0.9761904761904762
GF_02025,77,77,75,2,18,0.974025974025974
GF_02026,54,54,52,2,16,0.9629629629629629
GF_02027,82,82,79,3,20,0.9634146341463414
GF_02028,247,247,125,122,64,0.5060728744939271
GF_02029,82,82,80,2,19,0.975609756097561
GF_02030,70,69,68,2,15,0.9714285714285714
GF_02031,64,64,62,2,15,0.96875
GF_02032,70,70,68,2,15,0.9714285714285714
GF_02033,68,68,66,2,14,0.9705882352941176
GF_02034,69,69,67,2,16,0.9710144927536232
GF_02035,86,86,82,4,21,0.9534883720930233
GF_02036,77,77,73,4,20,0.948051948051948
GF_02037,58,58,57,1,14,0.9827586206896551
GF_02038,77,77,75,2,16,0.974025974025974
GF_02039,42,42,41,1,8,0.9761904761904762
GF_02040,51,51,50,1,11,0.9803921568627451
GF_02041,51,51,50,1,12,0.9803921568627451
GF_02042,82,82,78,4,21,0.9512195121951219
GF_02043,72,72,69,3,19,0.9583333333333334
GF_02044,49,49,48,1,11,0.9795918367346939
GF_02045,83,83,81,2,19,0.9759036144578314
GF_02046,80,80,78,2,18,0.975
GF_02047,46,46,45,1,9,0.9782608695652174
GF_02048,48,48,48,0,12,1.0
GF_02049,45,45,44,1,9,0.9777777777777777
GF_02050,53,53,52,1,13,0.9811320754716981
GF_02051,50,50,49,1,12,0.98
GF_02052,53,53,46,7,13,0.8679245283018868
GF_02053,57,57,55,2,12,0.9649122807017544
GF_02054,81,81,77,4,19,0.9506172839506173
GF_02055,79,79,77,2,18,0.9746835443037974
GF_02056,45,45,43,2,10,0.9555555555555556
GF_02057,40,40,39,1,10,0.975
GF_02058,56,56,51,5,16,0.9107142857142857
GF_02059,47,47,45,2,11,0.9574468085106383
GF_02060,57,57,54,3,19,0.9473684210526315
GF_02061,43,43,42,1,10,0.9767441860465116
GF_02062,40,40,36,4,12,0.9
GF_02063,90,65,89,1,16,0.9888888888888889
GF_02064,42,42,41,1,9,0.9761904761904762
GF_02065,44,44,44,0,9,1.0
GF_02066,52,52,49,3,13,0.9423076923076923
GF_02067,82,82,80,2,18,0.975609756097561
GF_02068,112,112,91,21,39,0.8125
GF_02069,57,57,55,2,14,0.9649122807017544
GF_02070,60,60,59,1,13,0.9833333333333333
GF_02071,72,72,69,3,19,0.9583333333333334
GF_02072,55,55,15,40,14,0.2727272727272727
GF_02073,490,300,254,236,59,0.5183673469387755
GF_02074,71,71,14,57,18,0.19718309859154928
GF_02075,75,75,12,63,25,0.16
GF_02076,78,78,10,68,18,0.1282051282051282
GF_02077,46,46,12,34,9,0.2608695652173913
GF_02078,47,47,0,47,2,0.0
GF_02079,42,42,0,42,2,0.0
GF_02080,53,53,0,53,2,0.0
GF_02081,52,52,0,52,2,0.0
GF_02082,47,47,0,47,2,0.0
GF_02083,65,65,0,65,4,0.0
GF_02084,92,92,0,92,4,0.0
GF_02085,94,91,0,94,4,0.0
GF_02086,49,49,0,49,2,0.0
GF_02087,156,147,0,156,4,0.0
GF_02088,73,73,0,73,3,0.0
GF_02089,52,52,0,52,2,0.0
GF_02090,141,141,0,141,4,0.0
GF_02091,48,48,0,48,2,0.0
GF_02092,162,162,0,162,4,0.0
GF_02093,102,102,7,95,18,0.06862745098039216
GF_02094,50,50,7,43,9,0.14
GF_02095,43,43,2,41,4,0.046511627906976744
GF_02096,47,47,6,41,7,0.1276595744680851
GF_02097,80,80,4,76,12,0.05
GF_02098,51,51,3,48,6,0.058823529411764705
GF_02099,42,42,1,41,3,0.023809523809523808
GF_02100,57,57,4,53,11,0.07017543859649122
GF_02101,48,48,7,41,6,0.14583333333333334
GF_02102,45,45,4,41,5,0.08888888888888889
GF_02103,42,42,1,41,3,0.023809523809523808
GF_02104,142,142,89,53,33,0.6267605633802817
GF_02105,80,76,18,62,28,0.225
GF_02106,110,105,81,29,35,0.7363636363636363
GF_02107,272,272,119,153,70,0.4375
GF_02108,42,42,8,34,8,0.19047619047619047
GF_02109,161,161,99,62,49,0.6149068322981367
GF_02110,86,86,12,74,19,0.13953488372093023
GF_02111,134,134,53,81,46,0.39552238805970147
GF_02112,67,67,8,59,18,0.11940298507462686
GF_02113,163,163,95,68,43,0.5828220858895705
GF_02114,54,54,53,1,12,0.9814814814814815
GF_02115,46,46,45,1,15,0.9782608695652174
GF_02116,82,82,80,2,19,0.975609756097561
GF_02117,74,74,68,6,22,0.918918918918919
GF_02118,148,148,104,44,45,0.7027027027027027
GF_02119,43,43,42,1,11,0.9767441860465116
GF_02120,46,46,45,1,13,0.9782608695652174
GF_02121,55,55,55,0,12,1.0
GF_02122,67,67,65,2,17,0.9701492537313433
GF_02123,75,75,72,3,17,0.96
GF_02124,50,50,48,2,13,0.96
GF_02125,85,85,81,4,21,0.9529411764705882
GF_02126,84,84,82,2,19,0.9761904761904762
GF_02127,84,84,82,2,19,0.9761904761904762
GF_02128,40,40,40,0,8,1.0
GF_02129,78,78,76,2,19,0.9743589743589743
GF_02130,52,52,50,2,13,0.9615384615384616
GF_02131,86,69,75,11,25,0.872093023255814
GF_02132,87,87,83,4,22,0.9540229885057471
GF_02133,53,53,52,1,11,0.9811320754716981
GF_02134,81,81,79,2,18,0.9753086419753086
GF_02135,94,94,30,64,29,0.3191489361702128
GF_02136,45,45,40,5,21,0.8888888888888888
GF_02137,49,49,48,1,10,0.9795918367346939
GF_02138,62,51,62,0,11,1.0
GF_02139,70,70,67,3,20,0.9571428571428572
GF_02140,83,83,79,4,21,0.9518072289156626
GF_02141,55,55,54,1,16,0.9818181818181818
GF_02142,53,53,52,1,12,0.9811320754716981
GF_02143,55,55,54,1,13,0.9818181818181818
GF_02144,46,46,46,0,11,1.0
GF_02145,73,73,29,44,18,0.3972602739726027
GF_02146,42,42,42,0,8,1.0
GF_02147,63,63,60,3,19,0.9523809523809523
GF_02148,59,59,58,1,12,0.9830508474576272
GF_02149,59,59,58,1,12,0.9830508474576272
GF_02150,72,72,70,2,18,0.9722222222222222
GF_02151,58,58,56,2,13,0.9655172413793104
GF_02152,83,83,69,14,22,0.8313253012048193
GF_02153,267,267,122,145,70,0.45692883895131087
GF_02154,41,41,39,2,8,0.9512195121951219
GF_02155,43,43,43,0,10,1.0
GF_02156,67,67,63,4,15,0.9402985074626866
GF_02157,121,121,98,23,36,0.8099173553719008
GF_02158,47,47,46,1,9,0.9787234042553191
GF_02159,85,85,55,30,20,0.6470588235294118
GF_02160,42,42,41,1,9,0.9761904761904762
GF_02161,52,52,51,1,13,0.9807692307692307
GF_02162,308,308,118,190,72,0.38311688311688313
GF_02163,47,47,46,1,9,0.9787234042553191
GF_02164,68,68,63,5,21,0.9264705882352942
GF_02165,48,48,47,1,10,0.9791666666666666
GF_02166,120,120,103,17,35,0.8583333333333333
GF_02167,147,147,111,36,47,0.7551020408163265
GF_02168,56,56,55,1,13,0.9821428571428571
GF_02169,50,50,48,2,13,0.96
GF_02170,46,46,45,1,9,0.9782608695652174
GF_02171,60,60,54,6,16,0.9
GF_02172,80,80,78,2,19,0.975
GF_02173,50,50,49,1,10,0.98
GF_02174,58,58,57,1,13,0.9827586206896551
GF_02175,47,47,46,1,10,0.9787234042553191
GF_02176,84,84,80,4,22,0.9523809523809523
GF_02177,41,41,1,40,8,0.024390243902439025
GF_02178,60,60,48,12,19,0.8
GF_02179,119,119,68,51,32,0.5714285714285714
GF_02180,66,66,12,54,19,0.18181818181818182
GF_02181,449,449,131,318,81,0.29175946547884185
GF_02182,41,41,4,37,11,0.0975609756097561
GF_02183,172,172,105,67,49,0.6104651162790697
GF_02184,72,72,11,61,12,0.1527777777777778
GF_02185,52,52,7,45,9,0.1346153846153846
GF_02186,79,79,77,2,18,0.9746835443037974
GF_02187,57,57,55,2,14,0.9649122807017544
GF_02188,83,83,81,2,19,0.9759036144578314
GF_02189,54,54,53,1,15,0.9814814814814815
GF_02190,66,66,64,2,14,0.9696969696969697
GF_02191,64,64,63,1,16,0.984375
GF_02192,58,58,57,1,12,0.9827586206896551
GF_02193,48,48,46,2,13,0.9583333333333334
GF_02194,50,48,48,2,13,0.96
GF_02195,61,61,59,2,14,0.9672131147540983
GF_02196,57,57,55,2,13,0.9649122807017544
GF_02197,62,62,57,5,21,0.9193548387096774
GF_02198,64,64,62,2,14,0.96875
GF_02199,67,67,65,2,16,0.9701492537313433
GF_02200,41,41,40,1,9,0.975609756097561
GF_02201,53,53,51,2,13,0.9622641509433962
GF_02202,77,77,75,2,18,0.974025974025974
GF_02203,84,84,82,2,19,0.9761904761904762
GF_02204,84,84,82,2,19,0.9761904761904762
GF_02205,135,131,90,45,34,0.6666666666666666
GF_02206,129,129,91,38,40,0.7054263565891473
GF_02207,46,46,43,3,17,0.9347826086956522
GF_02208,41,41,41,0,9,1.0
GF_02209,63,63,50,13,19,0.7936507936507936
GF_02210,42,42,41,1,11,0.9761904761904762
GF_02211,88,84,86,2,20,0.9772727272727273
GF_02212,136,136,92,44,44,0.6764705882352942
GF_02213,55,53,55,0,20,1.0
GF_02214,52,52,14,38,18,0.2692307692307692
GF_02215,42,42,5,37,12,0.11904761904761904
GF_02216,127,127,77,50,46,0.6062992125984252
GF_02217,173,173,101,72,44,0.5838150289017341
GF_02218,50,50,0,50,3,0.0
GF_02219,47,47,0,47,4,0.0
GF_02220,60,60,0,60,3,0.0
GF_02221,87,87,0,87,2,0.0
GF_02222,146,146,0,146,4,0.0
GF_02223,65,65,0,65,3,0.0
GF_02224,50,50,0,50,3,0.0
GF_02225,45,45,0,45,2,0.0
GF_02226,101,101,0,101,4,0.0
GF_02227,66,66,2,64,7,0.030303030303030304
GF_02228,117,117,0,117,4,0.0
GF_02229,52,52,0,52,2,0.0
GF_02230,106,106,3,103,9,0.02830188679245283
GF_02231,117,117,0,117,4,0.0
GF_02232,161,161,0,161,4,0.0
GF_02233,93,93,0,93,4,0.0
GF_02234,147,147,0,147,4,0.0
GF_02235,147,147,0,147,4,0.0
GF_02236,41,41,0,41,2,0.0
GF_02237,105,105,0,105,4,0.0
GF_02238,51,51,0,51,3,0.0
GF_02239,63,63,0,63,4,0.0
GF_02240,137,137,0,137,4,0.0
GF_02241,42,42,0,42,2,0.0
GF_02242,41,41,0,41,3,0.0
GF_02243,64,64,0,64,3,0.0
GF_02244,52,52,0,52,3,0.0
GF_02245,70,70,0,70,3,0.0
GF_02246,69,69,0,69,3,0.0
GF_02247,55,55,0,55,3,0.0
GF_02248,131,131,0,131,4,0.0
GF_02249,59,59,0,59,3,0.0
GF_02250,103,103,0,103,4,0.0
GF_02251,140,140,0,140,4,0.0
GF_02252,75,70,0,75,3,0.0
GF_02253,43,43,0,43,3,0.0
GF_02254,43,43,0,43,2,0.0
GF_02255,43,43,0,43,2,0.0
GF_02256,67,67,0,67,3,0.0
GF_02257,51,51,0,51,2,0.0
GF_02258,90,90,0,90,4,0.0
GF_02259,49,49,0,49,2,0.0
GF_02260,95,89,0,95,4,0.0
GF_02261,49,49,0,49,2,0.0
GF_02262,136,136,0,136,4,0.0
GF_02263,52,52,0,52,4,0.0
GF_02264,55,55,0,55,2,0.0
GF_02265,44,44,0,44,1,0.0
GF_02266,127,127,0,127,3,0.0
GF_02267,147,147,0,147,4,0.0
GF_02268,147,147,0,147,4,0.0
GF_02269,147,147,0,147,4,0.0
GF_02270,148,147,0,148,4,0.0
GF_02271,73,73,0,73,3,0.0
GF_02272,73,73,0,73,3,0.0
GF_02273,103,103,0,103,4,0.0
GF_02274,141,141,0,141,4,0.0
GF_02275,68,68,0,68,3,0.0
GF_02276,72,72,0,72,3,0.0
GF_02277,69,69,0,69,3,0.0
GF_02278,68,68,0,68,3,0.0
GF_02279,40,40,0,40,1,0.0
GF_02280,41,41,0,41,1,0.0
GF_02281,47,47,0,47,2,0.0
GF_02282,49,49,0,49,2,0.0
GF_02283,88,88,0,88,3,0.0
GF_02284,90,90,0,90,3,0.0
GF_02285,123,123,0,123,4,0.0
GF_02286,85,85,0,85,4,0.0
GF_02287,111,111,0,111,4,0.0
GF_02288,42,42,0,42,3,0.0
GF_02289,153,153,1,152,5,0.006535947712418301
GF_02290,65,65,0,65,3,0.0
GF_02291,119,119,0,119,4,0.0
GF_02292,51,51,0,51,2,0.0
GF_02293,75,75,0,75,3,0.0
GF_02294,125,125,0,125,3,0.0
GF_02295,82,82,19,63,16,0.23170731707317074
GF_02296,46,46,0,46,2,0.0
GF_02297,110,110,0,110,3,0.0
GF_02298,65,65,0,65,3,0.0
GF_02299,88,88,0,88,4,0.0
GF_02300,89,89,0,89,4,0.0
GF_02301,40,40,0,40,2,0.0
GF_02302,75,75,0,75,4,0.0
GF_02303,147,147,0,147,4,0.0
GF_02304,61,60,0,61,2,0.0
GF_02305,75,75,0,75,3,0.0
GF_02306,46,46,0,46,2,0.0
GF_02307,147,147,0,147,4,0.0
GF_02308,43,43,0,43,3,0.0
GF_02309,138,138,0,138,4,0.0
GF_02310,43,43,0,43,1,0.0
GF_02311,53,53,0,53,2,0.0
GF_02312,51,51,0,51,2,0.0
GF_02313,50,50,0,50,2,0.0
GF_02314,52,52,0,52,2,0.0
GF_02315,55,55,0,55,2,0.0
GF_02316,59,59,6,53,4,0.1016949152542373
GF_02317,119,119,0,119,4,0.0
GF_02318,133,133,0,133,4,0.0
GF_02319,105,105,0,105,4,0.0
GF_02320,73,73,0,73,2,0.0
GF_02321,104,104,0,104,4,0.0
GF_02322,44,44,0,44,2,0.0
GF_02323,150,150,3,147,6,0.02
GF_02324,75,75,0,75,4,0.0
GF_02325,50,50,0,50,2,0.0
GF_02326,71,71,0,71,3,0.0
GF_02327,94,88,0,94,4,0.0
GF_02328,51,51,0,51,2,0.0
GF_02329,71,71,0,71,3,0.0
GF_02330,108,108,0,108,3,0.0
GF_02331,40,40,0,40,2,0.0
GF_02332,295,295,116,179,61,0.39322033898305087
GF_02333,63,63,0,63,4,0.0
GF_02334,41,41,0,41,2,0.0
GF_02335,40,40,0,40,2,0.0
GF_02336,101,101,0,101,4,0.0
GF_02337,50,50,0,50,2,0.0
GF_02338,51,51,0,51,2,0.0
GF_02339,44,44,0,44,2,0.0
GF_02340,212,212,30,182,25,0.14150943396226415
GF_02341,52,52,0,52,2,0.0
GF_02342,74,74,0,74,3,0.0
GF_02343,72,72,0,72,3,0.0
GF_02344,70,70,0,70,3,0.0
GF_02345,168,168,2,166,10,0.011904761904761904
GF_02346,48,48,0,48,3,0.0
GF_02347,109,109,0,109,3,0.0
GF_02348,51,51,0,51,2,0.0
GF_02349,77,77,0,77,4,0.0
GF_02350,147,147,0,147,4,0.0
GF_02351,142,142,0,142,4,0.0
GF_02352,58,58,0,58,2,0.0
GF_02353,40,40,0,40,2,0.0
GF_02354,100,100,0,100,3,0.0
GF_02355,48,48,0,48,2,0.0
GF_02356,44,44,0,44,3,0.0
GF_02357,65,65,0,65,3,0.0
GF_02358,50,50,0,50,2,0.0
GF_02359,69,69,0,69,4,0.0
GF_02360,63,63,32,31,17,0.5079365079365079
GF_02361,62,61,37,25,31,0.5967741935483871
GF_02362,147,147,0,147,4,0.0
GF_02363,49,49,0,49,2,0.0
GF_02364,52,52,0,52,2,0.0
GF_02365,46,46,0,46,2,0.0
GF_02366,65,65,0,65,3,0.0
GF_02367,140,140,0,140,4,0.0
GF_02368,43,43,0,43,3,0.0
GF_02369,45,45,0,45,2,0.0
GF_02370,71,71,0,71,2,0.0
GF_02371,189,189,92,97,51,0.48677248677248675
GF_02372,52,52,15,37,11,0.28846153846153844
GF_02373,74,74,59,15,32,0.7972972972972973
GF_02374,42,42,12,30,18,0.2857142857142857
GF_02375,272,272,127,145,73,0.46691176470588236
GF_02376,74,74,9,65,17,0.12162162162162163
GF_02377,286,271,137,149,71,0.479020979020979
GF_02378,88,86,86,2,20,0.9772727272727273
GF_02379,121,121,100,21,39,0.8264462809917356
GF_02380,63,63,61,2,13,0.9682539682539683
GF_02381,75,69,73,2,15,0.9733333333333334
GF_02382,53,53,52,1,12,0.9811320754716981
GF_02383,62,61,60,2,13,0.967741935483871
GF_02384,42,42,42,0,8,1.0
GF_02385,61,61,60,1,16,0.9836065573770492
GF_02386,59,59,58,1,11,0.9830508474576272
GF_02387,288,288,127,161,73,0.4409722222222222
GF_02388,52,52,11,41,10,0.21153846153846154
GF_02389,193,193,106,87,52,0.5492227979274611
GF_02390,407,269,77,330,52,0.1891891891891892
GF_02391,45,45,11,34,21,0.24444444444444444
GF_02392,68,68,63,5,21,0.9264705882352942
GF_02393,140,140,105,35,43,0.75
GF_02394,54,54,24,30,23,0.4444444444444444
GF_02395,186,186,116,70,52,0.6236559139784946
GF_02396,97,97,60,37,22,0.6185567010309279
GF_02397,139,136,101,38,39,0.7266187050359713
GF_02398,41,41,8,33,16,0.1951219512195122
GF_02399,41,41,40,1,11,0.975609756097561
GF_02400,45,45,44,1,13,0.9777777777777777
GF_02401,91,91,85,6,25,0.9340659340659341
GF_02402,78,78,76,2,18,0.9743589743589743
GF_02403,127,127,96,31,36,0.7559055118110236
GF_02404,45,45,44,1,8,0.9777777777777777
GF_02405,80,80,78,2,18,0.975
GF_02406,115,115,94,21,38,0.8173913043478261
GF_02407,72,72,70,2,17,0.9722222222222222
GF_02408,61,61,60,1,12,0.9836065573770492
GF_02409,71,71,69,2,15,0.971830985915493
GF_02410,52,52,51,1,11,0.9807692307692307
GF_02411,127,127,74,53,34,0.5826771653543307
GF_02412,186,186,99,87,48,0.532258064516129
GF_02413,74,74,70,4,19,0.9459459459459459
GF_02414,94,94,87,7,30,0.925531914893617
GF_02415,56,56,53,3,21,0.9464285714285714
GF_02416,66,66,62,4,18,0.9393939393939394
GF_02417,77,77,73,4,19,0.948051948051948
GF_02418,73,73,71,2,19,0.9726027397260274
GF_02419,45,45,44,1,10,0.9777777777777777
GF_02420,47,47,46,1,10,0.9787234042553191
GF_02421,41,41,40,1,8,0.975609756097561
GF_02422,54,54,53,1,12,0.9814814814814815
GF_02423,45,45,45,0,11,1.0
GF_02424,70,70,67,3,22,0.9571428571428572
GF_02425,75,75,71,4,19,0.9466666666666667
GF_02426,57,57,55,2,13,0.9649122807017544
GF_02427,67,67,65,2,14,0.9701492537313433
GF_02428,42,42,40,2,17,0.9523809523809523
GF_02429,67,67,64,3,16,0.9552238805970149
GF_02430,40,40,40,0,9,1.0
GF_02431,47,47,46,1,12,0.9787234042553191
GF_02432,73,73,71,2,17,0.9726027397260274
GF_02433,56,56,14,42,11,0.25
GF_02434,45,45,10,35,11,0.2222222222222222
GF_02435,47,47,15,32,14,0.3191489361702128
GF_02436,45,45,4,41,5,0.08888888888888889
GF_02437,57,57,14,43,11,0.24561403508771928
GF_02438,48,48,7,41,7,0.14583333333333334
GF_02439,70,70,15,55,16,0.21428571428571427
GF_02440,121,121,68,53,36,0.5619834710743802
GF_02441,47,47,13,34,10,0.2765957446808511
GF_02442,66,66,11,55,11,0.16666666666666666
GF_02443,58,58,17,41,17,0.29310344827586204
GF_02444,290,290,122,168,74,0.4206896551724138
GF_02445,55,55,14,41,10,0.2545454545454545
GF_02446,64,64,14,50,14,0.21875
GF_02447,77,77,21,56,26,0.2727272727272727
GF_02448,60,60,9,51,8,0.15
GF_02449,58,58,9,49,16,0.15517241379310345
GF_02450,51,51,0,51,2,0.0
GF_02451,109,109,0,109,4,0.0
GF_02452,82,82,0,82,4,0.0
GF_02453,40,40,0,40,3,0.0
GF_02454,41,41,0,41,2,0.0
GF_02455,68,65,0,68,3,0.0
GF_02456,85,85,0,85,4,0.0
GF_02457,90,90,0,90,4,0.0
GF_02458,447,447,131,316,81,0.2930648769574944
GF_02459,82,81,45,37,25,0.5487804878048781
GF_02460,43,43,19,24,11,0.4418604651162791
GF_02461,83,83,81,2,19,0.9759036144578314
GF_02462,79,79,77,2,18,0.9746835443037974
GF_02463,63,63,61,2,14,0.9682539682539683
GF_02464,106,106,80,26,27,0.7547169811320755
GF_02465,71,71,69,2,16,0.971830985915493
GF_02466,77,77,64,13,23,0.8311688311688312
GF_02467,47,47,46,1,9,0.9787234042553191
GF_02468,52,52,51,1,11,0.9807692307692307
GF_02469,57,57,56,1,14,0.9824561403508771
GF_02470,45,45,44,1,9,0.9777777777777777
GF_02471,60,59,59,1,13,0.9833333333333333
GF_02472,45,45,44,1,9,0.9777777777777777
GF_02473,64,64,60,4,18,0.9375
GF_02474,46,46,46,0,10,1.0
GF_02475,77,77,75,2,18,0.974025974025974
GF_02476,81,81,76,5,21,0.9382716049382716
GF_02477,46,46,45,1,9,0.9782608695652174
GF_02478,50,50,49,1,11,0.98
GF_02479,81,81,79,2,19,0.9753086419753086
GF_02480,42,42,42,0,10,1.0
GF_02481,56,56,55,1,13,0.9821428571428571
GF_02482,49,49,46,3,13,0.9387755102040817
GF_02483,49,49,49,0,11,1.0
GF_02484,40,40,39,1,7,0.975
GF_02485,88,88,77,11,29,0.875
GF_02486,59,59,58,1,15,0.9830508474576272
GF_02487,87,87,83,4,22,0.9540229885057471
GF_02488,85,85,81,4,21,0.9529411764705882
GF_02489,47,47,45,2,10,0.9574468085106383
GF_02490,40,40,40,0,7,1.0
GF_02491,40,40,38,2,12,0.95
GF_02492,52,52,51,1,12,0.9807692307692307
GF_02493,55,55,53,2,14,0.9636363636363636
GF_02494,85,85,76,9,21,0.8941176470588236
GF_02495,88,88,84,4,24,0.9545454545454546
GF_02496,78,78,74,4,20,0.9487179487179487
GF_02497,47,47,46,1,9,0.9787234042553191
GF_02498,41,41,40,1,9,0.975609756097561
GF_02499,60,59,57,3,17,0.95
GF_02500,117,117,0,117,4,0.0
GF_02501,91,91,0,91,4,0.0
GF_02502,117,117,0,117,4,0.0
GF_02503,93,93,0,93,4,0.0
GF_02504,88,88,0,88,4,0.0
GF_02505,57,57,0,57,3,0.0
GF_02506,147,147,0,147,4,0.0
GF_02507,42,42,0,42,2,0.0
GF_02508,120,119,0,120,4,0.0
GF_02509,87,87,0,87,4,0.0
GF_02510,141,141,0,141,4,0.0
GF_02511,94,94,0,94,4,0.0
GF_02512,87,87,0,87,4,0.0
GF_02513,105,102,87,18,28,0.8285714285714286
GF_02514,95,72,25,70,22,0.2631578947368421
GF_02515,72,72,54,18,19,0.75
GF_02516,58,58,44,14,15,0.7586206896551724
GF_02517,65,65,49,16,23,0.7538461538461538
GF_02518,60,60,48,12,18,0.8
GF_02519,55,55,28,27,21,0.509090909090909
GF_02520,93,93,92,1,27,0.989247311827957
GF_02521,42,42,12,30,10,0.2857142857142857
GF_02522,141,141,98,43,47,0.6950354609929078
GF_02523,58,58,13,45,12,0.22413793103448276
GF_02524,63,63,3,60,11,0.047619047619047616
GF_02525,166,140,124,42,47,0.7469879518072289
GF_02526,64,64,0,64,3,0.0
GF_02527,90,90,0,90,4,0.0
GF_02528,58,58,0,58,3,0.0
GF_02529,82,82,0,82,3,0.0
GF_02530,89,84,7,82,15,0.07865168539325842
GF_02531,117,117,0,117,4,0.0
GF_02532,61,61,0,61,3,0.0
GF_02533,64,64,0,64,3,0.0
GF_02534,91,91,0,91,4,0.0
GF_02535,90,90,0,90,4,0.0
GF_02536,42,42,0,42,2,0.0
GF_02537,66,66,4,62,7,0.06060606060606061
GF_02538,147,147,0,147,4,0.0
GF_02539,47,47,0,47,3,0.0
GF_02540,80,80,0,80,4,0.0
GF_02541,142,142,0,142,4,0.0
GF_02542,150,147,0,150,4,0.0
GF_02543,74,74,0,74,3,0.0
GF_02544,42,42,0,42,3,0.0
GF_02545,51,51,0,51,2,0.0
GF_02546,244,244,15,229,29,0.06147540983606557
GF_02547,143,143,0,143,4,0.0
GF_02548,147,147,0,147,4,0.0
GF_02549,65,65,0,65,3,0.0
GF_02550,74,73,0,74,4,0.0
