gene_family	gene	product	go_ids	effect_size_mean	consensus_rank_pct_mean	n_models_with_importance	n_run_model_hits	diazotroph_pct_max	diazotroph_pct_mean	module_mode	module_bin	fox_status
GF_00387	ctaD	cytochrome c oxidase subunit I	GO:0004129;GO:0015990	0.7515115556308979	0.98759465420856	4	64	0.8725490196078431	0.8725490196078431		Respiration & bioenergetics	FOX-consistent support function (plausible rediscovery)
GF_02166		succinate dehydrogenase/fumarate reductase flavoprotein subunit		0.7732269503546099	0.9772998553920677	4	64	0.8583333333333333	0.8583333333333333		Respiration & bioenergetics	FOX-consistent support function (plausible rediscovery)
GF_01961	rpsB	30S ribosomal protein S2	GO:0003735;GO:0006412;GO:0015935	0.8035650623885918	0.9531908125303624	4	64	0.8823529411764706	0.8823529411764706		Housekeeping / lineage marker	Housekeeping marker (not a transplant candidate)
GF_02403	psbH	photosystem II reaction center phosphoprotein PsbH	GO:0009523;GO:0015979	0.6472098596371105	0.9509186336887804	4	64	0.7559055118110236	0.7559055118110236		Housekeeping / lineage marker	Housekeeping marker (not a transplant candidate)
GF_00397	ndk	nucleoside-diphosphate kinase	GO:0004550	0.7504812563323202	0.9468945877751396	4	64	0.8416666666666667	0.8416666666666667		Other / unassigned	Novel/uncertain candidate
GF_00825		DUF1815 family protein		0.6367527862208713	0.9465703001360664	4	64	0.7583333333333333	0.7583333333333333		Stress / membrane / uncharacterized	Novel/uncertain candidate
GF_00355	ndk	nucleoside-diphosphate kinase	GO:0004550	0.1462713936430317	0.9442651061690112	4	64	0.425	0.425		Other / unassigned	Novel/uncertain candidate
GF_01500		Ycf34 family protein		0.761854103343465	0.9326824317743044	4	64	0.85	0.85		Other / unassigned	Novel/uncertain candidate
GF_00403		YqaE/Pmp3 family membrane protein	GO:0016020	0.6246956705832539	0.9290950752359436	4	68	0.851063829787234	0.851063829787234		Stress / membrane / uncharacterized	Novel/uncertain candidate
GF_00377		bifunctional nuclease family protein		0.6710617283950617	0.9233236970034052	4	64	0.776	0.776		Other / unassigned	Novel/uncertain candidate
GF_00402		peroxiredoxin		0.4987831152250239	0.90213911216583	4	68	0.5228215767634855	0.5228215767634855		O2 protection & redox homeostasis	FOX-consistent support function (plausible rediscovery)
GF_01245	rplB	50S ribosomal protein L2	GO:0003723;GO:0003735;GO:0006412;GO:0015934;GO:0016740	0.6611046646553724	0.8952870243591162	4	64	0.7482014388489209	0.7482014388489209		Housekeeping / lineage marker	Housekeeping marker (not a transplant candidate)
GF_01906	atpD	F0F1 ATP synthase subunit beta	GO:0015986;GO:0045259;GO:0046933	0.5229145728643216	0.880654027944093	4	68	0.5829145728643216	0.5829145728643216		Housekeeping / lineage marker	Housekeeping marker (not a transplant candidate)
GF_02514		ferredoxin		0.0495137046861184	0.8803017401732742	4	64	0.3333333333333333	0.3333333333333333		O2 protection & redox homeostasis	FOX-consistent support function (plausible rediscovery)
GF_02205	ctaD	cytochrome c oxidase subunit I	GO:0004129;GO:0015990	0.5149791156560565	0.8761780410152099	4	64	0.6564885496183206	0.6564885496183206		Respiration & bioenergetics	FOX-consistent support function (plausible rediscovery)
GF_02167		aspartate aminotransferase		0.6888768752534126	0.8751459944663351	4	68	0.7551020408163265	0.7551020408163265		Other / unassigned	Novel/uncertain candidate
GF_01199		4Fe-4S dicluster domain-containing protein	GO:0008270;GO:0009055;GO:0051539	0.6867502726281353	0.8642741225591475	4	64	0.8928571428571429	0.8928571428571429		Metallocluster & Fe-S biogenesis	FOX-consistent support function (plausible rediscovery)
GF_01606		Fur family transcriptional regulator	GO:0003677;GO:0003700;GO:0006355;GO:0046872	0.6844291413892988	0.8623380728924922	4	64	0.8130841121495327	0.8130841121495327		Regulation	Novel/uncertain candidate
GF_00656		DUF433 domain-containing protein		0.3807251908396947	0.8387057912658834	4	68	0.625	0.625		Stress / membrane / uncharacterized	Novel/uncertain candidate
GF_00670	rpsU	30S ribosomal protein S21	GO:0003735;GO:0005840;GO:0006412	0.7362928077213791	0.8383143637649302	4	64	0.8673469387755102	0.8673469387755102		Housekeeping / lineage marker	Housekeeping marker (not a transplant candidate)
GF_00900		ArsJ-associated glyceraldehyde-3-phosphate dehydrogenase	GO:0006006;GO:0016620;GO:0050661;GO:0051287	0.6881873565946672	0.8379914476690711	4	68	0.8787878787878788	0.8787878787878788		Other / unassigned	FOX-consistent support function (plausible rediscovery)
GF_00930		ABC transporter ATP-binding protein		0.7650611819838584	0.8347221057269311	4	64	0.8608695652173913	0.8608695652173913		Transport	Novel/uncertain candidate
GF_00108	map	type I methionyl aminopeptidase	GO:0006464	0.5412647374062165	0.8331962415917877	4	64	0.6666666666666666	0.6666666666666666		Housekeeping / lineage marker	Housekeeping marker (not a transplant candidate)
GF_00638	ftsH2	ATP-dependent zinc metalloprotease FtsH2		0.3023018648018648	0.8295730107390211	4	68	0.4102564102564102	0.4102564102564102		Housekeeping / lineage marker	Housekeeping marker (not a transplant candidate)
GF_01507	gndA	NADP-dependent phosphogluconate dehydrogenase	GO:0004616;GO:0006098;GO:0050661	0.7401154401154402	0.8268238310615186	4	64	0.8686868686868687	0.8686868686868687		Carbon metabolism & NAD(P)H supply	FOX-consistent support function (plausible rediscovery)
GF_02412	psbM	photosystem II reaction center protein PsbM	GO:0009538;GO:0009539	0.4105850607138476	0.8260023857709315	4	68	0.532258064516129	0.532258064516129		Housekeeping / lineage marker	Housekeeping marker (not a transplant candidate)
GF_00861	gyrB	DNA topoisomerase (ATP-hydrolyzing) subunit B	GO:0003677;GO:0003918;GO:0005524;GO:0005694;GO:0006265	0.5796485669019156	0.8252452174521518	4	68	0.7022900763358778	0.7022900763358778		Housekeeping / lineage marker	Housekeeping marker (not a transplant candidate)
GF_00629		response regulator transcription factor	GO:0000156;GO:0000160;GO:0003677;GO:0006355	0.6487976406533575	0.8235328989691585	4	68	0.7310344827586207	0.7310344827586207		Regulation	Novel/uncertain candidate
GF_01568	glgB	1,4-alpha-glucan branching enzyme	GO:0003844;GO:0005978	0.5724456773000463	0.8235115345439455	4	64	0.6857142857142857	0.6857142857142857		Carbon metabolism & NAD(P)H supply	Novel/uncertain candidate
GF_01964		class I fructose-bisphosphate aldolase	GO:0004332	0.6266706622715014	0.8203456426835324	4	64	0.7872340425531915	0.7872340425531915		Carbon metabolism & NAD(P)H supply	Novel/uncertain candidate
GF_01600		DUF433 domain-containing protein		0.1259836782279219	0.8168915989313084	4	64	0.3972602739726027	0.3972602739726027		Stress / membrane / uncharacterized	Novel/uncertain candidate
GF_00120	fabG	beta-ketoacyl-ACP reductase		0.766031746031746	0.8067469663092773	4	64	0.8888888888888888	0.8888888888888888		Other / unassigned	Novel/uncertain candidate
GF_02131		zinc-dependent alcohol dehydrogenase	GO:0004024;GO:0008270;GO:0030554	0.6484744469870327	0.8029221473065188	4	64	0.8405797101449275	0.8405797101449275		Other / unassigned	FOX-consistent support function (plausible rediscovery)
GF_01635		ABC transporter permease		0.577856106157993	0.7888120187366836	4	68	0.7692307692307693	0.7692307692307693		Transport	Novel/uncertain candidate
GF_01672	fabI	enoyl-ACP reductase FabI		0.4122383252818036	0.7878426427156217	4	64	0.6296296296296297	0.6296296296296297		Other / unassigned	Novel/uncertain candidate
GF_02373		NADH-quinone oxidoreductase subunit K		0.6052972972972972	0.7877205331515666	4	68	0.7972972972972973	0.7972972972972973		Other / unassigned	Novel/uncertain candidate
GF_00266	acpP	acyl carrier protein	GO:0006633	0.6906552094522019	0.7855537380561989	4	68	0.8947368421052632	0.8947368421052632		Other / unassigned	Novel/uncertain candidate
GF_01657	cysK	cysteine synthase A	GO:0004124;GO:0006535	0.5284446322907861	0.7830911564627547	4	68	0.621301775147929	0.621301775147929		Other / unassigned	Novel/uncertain candidate
GF_00746	petD	cytochrome b6-f complex subunit IV	GO:0009767;GO:0042651;GO:0045156	0.4020647210641254	0.7808928233658263	4	68	0.4977168949771689	0.4977168949771689		Respiration & bioenergetics	FOX-consistent support function (plausible rediscovery)
GF_00393	rpmB	50S ribosomal protein L28	GO:0003735;GO:0005840;GO:0006412	0.1184486373165618	0.778490197081501	4	64	0.3962264150943396	0.3962264150943396		Housekeeping / lineage marker	Housekeeping marker (not a transplant candidate)
GF_00401		DUF6679 family protein		0.0374040554473594	0.77286196681877	4	40	0.3255813953488372	0.3255813953488372		Stress / membrane / uncharacterized	Novel/uncertain candidate
GF_00601		chlorophyll a/b binding light-harvesting protein	GO:0009765;GO:0016168	0.5080246913580246	0.7720973638463127	4	68	0.75	0.75		Other / unassigned	Novel/uncertain candidate
GF_02395	bchI	magnesium chelatase ATPase subunit I	GO:0005524;GO:0010007;GO:0015995;GO:0016851;GO:0016887	0.5666216934461752	0.7718497342911622	4	68	0.6236559139784946	0.6236559139784946		Other / unassigned	Novel/uncertain candidate
GF_00624	rpmG	50S ribosomal protein L33	GO:0003735;GO:0005840;GO:0006412	0.2634313601750179	0.7669318357132379	4	68	0.3920863309352518	0.3920863309352518		Housekeeping / lineage marker	Housekeeping marker (not a transplant candidate)
GF_02459		DUF433 domain-containing protein		0.306796833064949	0.7613455934980631	4	68	0.5432098765432098	0.5432098765432098		Stress / membrane / uncharacterized	Novel/uncertain candidate
GF_01678		photosystem II reaction center protein T		0.664578111946533	0.7611238666020927	4	64	0.7698412698412699	0.7698412698412699		Housekeeping / lineage marker	Housekeeping marker (not a transplant candidate)
GF_01960	rplS	50S ribosomal protein L19	GO:0000311;GO:0003735;GO:0006412;GO:0022625	0.4236381909547738	0.7598352673923506	4	68	0.5276381909547738	0.5276381909547738		Housekeeping / lineage marker	Housekeeping marker (not a transplant candidate)
GF_00856		ferredoxin:protochlorophyllide reductase (ATP-dependent) subunit N	GO:0015995;GO:0016730	0.2363261093911248	0.7561857559221189	4	68	0.4117647058823529	0.4117647058823529		O2 protection & redox homeostasis	FOX-consistent support function (plausible rediscovery)
GF_01603				0.6804914593946658	0.7546761863941326	4	64	0.8297872340425532	0.8297872340425532		Other / unassigned	Novel/uncertain candidate
GF_02217		response regulator transcription factor	GO:0000156;GO:0000160;GO:0003677;GO:0006355	0.475119376727821	0.7546538145148804	4	68	0.5838150289017341	0.5838150289017341		Regulation	Novel/uncertain candidate
GF_01932	thrS	threonine--tRNA ligase	GO:0004829;GO:0005524;GO:0005737;GO:0006435	0.3506807559439138	0.7533839645322181	4	68	0.4401544401544401	0.4401544401544401		Housekeeping / lineage marker	Housekeeping marker (not a transplant candidate)
GF_00874	rpsN	30S ribosomal protein S14	GO:0003735;GO:0005840;GO:0006412	0.6425131456091209	0.7523727850693712	4	64	0.753968253968254	0.753968253968254		Housekeeping / lineage marker	Housekeeping marker (not a transplant candidate)
GF_02522	rplT	50S ribosomal protein L20	GO:0000315;GO:0003735;GO:0006412;GO:0022625	0.5878926038500507	0.7492068769981635	4	68	0.6950354609929078	0.6950354609929078		Housekeeping / lineage marker	Housekeeping marker (not a transplant candidate)
GF_00866	gltD	glutamate synthase small subunit	GO:0006537;GO:0009342	0.1259836782279219	0.7477031700329946	4	64	0.3972602739726027	0.3972602739726027		Other / unassigned	Novel/uncertain candidate
GF_00606	gltB	glutamate synthase large subunit	GO:0003824;GO:0006537;GO:0008152;GO:0015930;GO:0016491	0.0979322638146167	0.746416175813573	4	64	0.3733333333333333	0.3733333333333333		Other / unassigned	Novel/uncertain candidate
GF_00224	aroC	chorismate synthase	GO:0004107;GO:0009073	0.4606539705353935	0.7462746291813473	4	68	0.5041322314049587	0.5041322314049587		Other / unassigned	Novel/uncertain candidate
GF_02212		DUF3318 domain-containing protein		0.5518699492576584	0.7440742045684606	4	64	0.6764705882352942	0.6764705882352942		Stress / membrane / uncharacterized	Novel/uncertain candidate
GF_00333		NAD-dependent epimerase/dehydratase family protein	GO:0003824	0.4592682433798261	0.7383549027812277	4	68	0.4901960784313725	0.4901960784313725		Other / unassigned	Novel/uncertain candidate
GF_00663	rplX	50S ribosomal protein L24	GO:0003735;GO:0005840;GO:0006412	0.7333601501743094	0.736670371224822	4	64	0.8454545454545455	0.8454545454545455		Housekeeping / lineage marker	Housekeeping marker (not a transplant candidate)
GF_01827	sufB	Fe-S cluster assembly protein SufB	GO:0016226	0.4482131661442006	0.733899922929395	4	68	0.4654545454545454	0.4654545454545454		Metallocluster & Fe-S biogenesis	FOX-consistent support function (plausible rediscovery)
GF_00209	proS	proline--tRNA ligase	GO:0004827;GO:0005737;GO:0006433	0.6156118143459917	0.7336710280921743	4	68	0.8333333333333334	0.8333333333333334		Housekeeping / lineage marker	Housekeeping marker (not a transplant candidate)
GF_01566		GDP-L-fucose synthase family protein	GO:0016491	0.5111901230259139	0.7326621716270042	4	68	0.6242038216560509	0.6242038216560509		Other / unassigned	Novel/uncertain candidate
GF_01909	gvpA	gas vesicle structural protein GvpA	GO:0012506;GO:0033172	0.3640837294157185	0.7311588770707015	4	68	0.549618320610687	0.549618320610687		Other / unassigned	Novel/uncertain candidate
GF_00542	cas2	CRISPR-associated endonuclease Cas2	GO:0004521;GO:0043571	0.5198268398268399	0.7306864806172615	4	64	0.696969696969697	0.696969696969697		Other / unassigned	Novel/uncertain candidate
GF_01969	recR	recombination mediator RecR	GO:0003677;GO:0006281;GO:0006310;GO:0046872	0.3316083974925322	0.7305344757976754	4	68	0.4970760233918128	0.4970760233918128		Other / unassigned	Novel/uncertain candidate
GF_00604	hemE	uroporphyrinogen decarboxylase	GO:0004853;GO:0006779	0.734104794449622	0.7262740057612969	4	64	0.8362068965517241	0.8362068965517241		Other / unassigned	Novel/uncertain candidate
GF_00658	rplV	50S ribosomal protein L22	GO:0003735;GO:0006412;GO:0015934	0.4651741293532338	0.7225591879028628	4	68	0.5	0.5		Housekeeping / lineage marker	Housekeeping marker (not a transplant candidate)
GF_00034		S-adenosylmethionine synthetase		0.5693303248329005	0.7184340138414405	4	68	0.6506024096385542	0.6506024096385542		Other / unassigned	Novel/uncertain candidate
GF_01658		DUF433 domain-containing protein		0.6064006650041563	0.7160659602664561	4	68	0.8333333333333334	0.8333333333333334		Stress / membrane / uncharacterized	Novel/uncertain candidate
GF_00000	ureG	urease accessory protein G		0.0375095492742551	0.7158247708694416	4	68	0.3193277310924369	0.3193277310924369		Other / unassigned	Novel/uncertain candidate
GF_01253		DUF433 domain-containing protein		0.1556109514956903	0.7143909913001609	4	64	0.4262295081967213	0.4262295081967213		Stress / membrane / uncharacterized	Novel/uncertain candidate
GF_02379	map	type I methionyl aminopeptidase	GO:0006508;GO:0070006	0.7319340858697844	0.7125374997974668	4	64	0.8264462809917356	0.8264462809917356		Housekeeping / lineage marker	Housekeeping marker (not a transplant candidate)
GF_02332		photosystem II reaction center protein K		0.2958177415804535	0.7123633460731541	4	64	0.3932203389830508	0.3932203389830508		Housekeeping / lineage marker	Housekeeping marker (not a transplant candidate)
GF_00902		inorganic diphosphatase		0.3731452455590386	0.7123604024053107	4	68	0.4363636363636363	0.4363636363636363		Other / unassigned	Novel/uncertain candidate
GF_00330		rod shape-determining protein	GO:0000902;GO:0005524;GO:0005737;GO:0008360	0.4477671451355662	0.7120510231842242	4	68	0.5311004784688995	0.5311004784688995		Other / unassigned	Novel/uncertain candidate
GF_00177	ilvD	dihydroxy-acid dehydratase	GO:0004160;GO:0009082	0.5144734098018771	0.7105652904882727	4	68	0.6057142857142858	0.6057142857142858		Other / unassigned	Novel/uncertain candidate
GF_00439		photosystem II reaction center protein I		0.7395492319315033	0.7104220266028722	4	64	0.8863636363636364	0.8863636363636364		Housekeeping / lineage marker	Housekeeping marker (not a transplant candidate)
GF_01232	moeB	molybdopterin-synthase adenylyltransferase MoeB		0.375404792746114	0.7085901312389672	4	68	0.453125	0.453125		Other / unassigned	Novel/uncertain candidate
GF_01236		cupin domain-containing protein		0.113262390383289	0.7082169023684568	4	68	0.392156862745098	0.392156862745098		Other / unassigned	Novel/uncertain candidate
GF_00392	ureA	urease subunit gamma	GO:0009039;GO:0016151;GO:0019627	0.416395201017003	0.7048603982155961	4	68	0.5069124423963134	0.5069124423963134		Other / unassigned	Novel/uncertain candidate
GF_00808	remA	extracellular matrix/biofilm regulator RemA	GO:0003677	0.5137971794244722	0.7043825968196478	4	68	0.5904255319148937	0.5904255319148937		Regulation	Novel/uncertain candidate
GF_02464	clpS	ATP-dependent Clp protease adapter ClpS		0.6060289344848452	0.6983007887705417	4	64	0.7547169811320755	0.7547169811320755		Other / unassigned	Novel/uncertain candidate
GF_01146		cysteine synthase A		0.1623716488872907	0.6945107553378356	4	68	0.3662551440329218	0.3662551440329218		Other / unassigned	Novel/uncertain candidate
GF_00454		Uma2 family endonuclease	GO:0003676;GO:0004519	0.5080246913580246	0.6927072812694411	4	64	0.75	0.75		Other / unassigned	Novel/uncertain candidate
GF_00876		CpeR family transcriptional regulator		0.6484598285169896	0.6914788099017628	4	60	0.8723404255319149	0.8723404255319149		Regulation	Novel/uncertain candidate
GF_00066		F0F1 ATP synthase subunit alpha		0.5724456773000463	0.6914205945749258	4	68	0.6857142857142857	0.6857142857142857		Housekeeping / lineage marker	Housekeeping marker (not a transplant candidate)
GF_00099		type II toxin-antitoxin system HicB family antitoxin		0.2681122448979592	0.6891516925593809	4	64	0.5306122448979592	0.5306122448979592		Other / unassigned	Novel/uncertain candidate
GF_00686		sigma-70 family RNA polymerase sigma factor	GO:0003677;GO:0006352;GO:0016987	0.7683545797922569	0.6883392961213594	4	64	0.8958333333333334	0.8958333333333334		Housekeeping / lineage marker	Housekeeping marker (not a transplant candidate)
GF_01510		HU family DNA-binding protein	GO:0003677;GO:0030261	0.5135515873015873	0.6872310904457708	4	68	0.5491071428571429	0.5491071428571429		Other / unassigned	Novel/uncertain candidate
GF_01962		CTP synthase	GO:0003883;GO:0006221;GO:0006241	0.4124948368442792	0.6844420982393922	4	68	0.5388888888888889	0.5388888888888889		Other / unassigned	Novel/uncertain candidate
GF_00335	thiC	phosphomethylpyrimidine synthase ThiC	GO:0009228;GO:0051536	0.2793253968253968	0.6801437610327882	4	68	0.4311111111111111	0.4311111111111111		Other / unassigned	Novel/uncertain candidate
GF_01333		ferredoxin family protein		0.1784567257559958	0.677369082559543	4	68	0.3613138686131387	0.3613138686131387		O2 protection & redox homeostasis	FOX-consistent support function (plausible rediscovery)
GF_02107		glycoside hydrolase family 57 protein		0.3697033898305085	0.6735301631376274	4	68	0.4375	0.4375		Other / unassigned	Novel/uncertain candidate
GF_01818	nusA	transcription termination factor NusA	GO:0003723;GO:0006353	0.1767084696474009	0.6726315930549364	4	64	0.4464285714285714	0.4464285714285714		Regulation	Novel/uncertain candidate
GF_02513		CobW family GTP-binding protein	GO:0003924;GO:0005525;GO:0046872	0.6880827258857434	0.6713003811924151	4	64	0.8235294117647058	0.8235294117647058		Other / unassigned	Novel/uncertain candidate
GF_02111	prfA	peptide chain release factor 1	GO:0003747;GO:0006415	0.1479033404406538	0.6708411734202541	4	68	0.3955223880597014	0.3955223880597014		Other / unassigned	Novel/uncertain candidate
GF_01071		type II toxin-antitoxin system Phd/YefM family antitoxin	GO:0110001	0.3007653555512498	0.6681715403017445	4	64	0.5576923076923077	0.5576923076923077		Other / unassigned	Novel/uncertain candidate
GF_01663	ilvB	biosynthetic-type acetolactate synthase large subunit	GO:0000287;GO:0003984;GO:0009082;GO:0030976;GO:0050660	0.1077551020408162	0.6663562954620734	4	68	0.3877551020408163	0.3877551020408163		Other / unassigned	Novel/uncertain candidate
GF_02525	trpB	tryptophan synthase subunit beta	GO:0000162;GO:0004834	0.613962089690245	0.6645170411090608	4	68	0.7142857142857143	0.7142857142857143		Other / unassigned	Novel/uncertain candidate
GF_00457	purE	5-(carboxyamino)imidazole ribonucleotide mutase	GO:0004638;GO:0006189;GO:0009152;GO:0009320	0.6744363674673409	0.6644632279202497	4	64	0.7964601769911505	0.7964601769911505		Other / unassigned	Novel/uncertain candidate
